﻿<?xml version="1.0" encoding="utf-8"?>

<AllCards>
  <Card id="999">
    <CardInfo name="baseInfo" pictureID="999" cardName="空牌" cardDesc="" cost="0" money="0" dragPurpose="Summon" cardType="Retinue" cardColor="#787878" hightLightColor="#FFFF00" />
    <CardInfo name="upgradeInfo" upgradeCardID="-1" degradeCardID="-1" cardLevel="0" />
    <CardInfo name="lifeInfo" life="0" totalLife="0" />
    <CardInfo name="battleInfo" basicAttack="0" basicShield="0" basicArmor="0" isSoldier="False" />
    <CardInfo name="slotInfo" slot1="None" slot2="None" slot3="None" slot4="None" />
  </Card>

  <Card id="100">
    <CardInfo name="baseInfo" pictureID="0" cardName="StrikeFreedom" cardDesc="" cost="6" money="900" dragPurpose="Summon" cardType="Retinue" cardColor="#5BAEF4" hightLightColor="#FFFF00" />
    <CardInfo name="upgradeInfo" upgradeCardID="-1" degradeCardID="-1" cardLevel="0" />
    <CardInfo name="lifeInfo" life="12" totalLife="12" />
    <CardInfo name="battleInfo" basicAttack="1" basicShield="0" basicArmor="0" isSoldier="False" />
    <CardInfo name="slotInfo" slot1="Weapon" slot2="None" slot3="Pack" slot4="None" />
    <CardInfo name="sideEffectsInfo" happenTime="OnDie">
      <SideEffect name="KillAll" IsNeedChoise="False" M_TargetRange="EnemySoldiers"></SideEffect>
    </CardInfo>
  </Card>
  <Card id="200">
    <CardInfo name="baseInfo" pictureID="1" cardName="Strike" cardDesc="" cost="2" money="200" dragPurpose="Summon" cardType="Retinue" cardColor="#5BAEF4" hightLightColor="#FFFF00" />
    <CardInfo name="upgradeInfo" upgradeCardID="-1" degradeCardID="-1" cardLevel="0" />
    <CardInfo name="lifeInfo" life="5" totalLife="5" />
    <CardInfo name="battleInfo" basicAttack="0" basicShield="0" basicArmor="0" isSoldier="False" />
    <CardInfo name="slotInfo" slot1="Weapon" slot2="Shield" slot3="None" slot4="None" />
  </Card>
  <Card id="300">
    <CardInfo name="baseInfo" pictureID="2" cardName="RX-782" cardDesc="" cost="5" money="900" dragPurpose="Summon" cardType="Retinue" cardColor="#5BAEF4" hightLightColor="#FFFF00" />
    <CardInfo name="upgradeInfo" upgradeCardID="-1" degradeCardID="-1" cardLevel="0" />
    <CardInfo name="lifeInfo" life="8" totalLife="8" />
    <CardInfo name="battleInfo" basicAttack="1" basicShield="0" basicArmor="0" isSoldier="False" />
    <CardInfo name="slotInfo" slot1="Weapon" slot2="Shield" slot3="Pack" slot4="MA" />
    <CardInfo name="sideEffectsInfo" happenTime="OnSummon">
      <SideEffect name="DamageRandom" IsNeedChoise="False" M_TargetRange="EnemySoldiers" Value="5"></SideEffect>
      <SideEffect name="DamageRandom" IsNeedChoise="False" M_TargetRange="EnemySoldiers" Value="5"></SideEffect>
      <SideEffect name="DamageRandom" IsNeedChoise="False" M_TargetRange="EnemySoldiers" Value="5"></SideEffect>
    </CardInfo>
  </Card>
  <Card id="400">
    <CardInfo name="baseInfo" pictureID="3" cardName="Mistery" cardDesc="" cost="9" money="1200" dragPurpose="Summon" cardType="Retinue" cardColor="#5BAEF4" hightLightColor="#FFFF00" />
    <CardInfo name="upgradeInfo" upgradeCardID="-1" degradeCardID="-1" cardLevel="0" />
    <CardInfo name="lifeInfo" life="18" totalLife="18" />
    <CardInfo name="battleInfo" basicAttack="2" basicShield="3" basicArmor="3" isSoldier="False" />
    <CardInfo name="slotInfo" slot1="Weapon" slot2="Shield" slot3="Pack" slot4="MA" />
  </Card>


  <Card id="501">
    <CardInfo name="baseInfo" pictureID="4" cardName="支援小队" cardDesc="" cost="1" money="100" dragPurpose="Summon" cardType="Retinue" cardColor="#AD5E00" hightLightColor="#FFFF00" />
    <CardInfo name="upgradeInfo" upgradeCardID="502" degradeCardID="-1" cardLevel="1" />
    <CardInfo name="lifeInfo" life="3" totalLife="3" />
    <CardInfo name="battleInfo" basicAttack="2" basicShield="0" basicArmor="0" isSoldier="True" />
    <CardInfo name="slotInfo" slot1="None" slot2="None" slot3="None" slot4="None" />
    <CardInfo name="sideEffectsInfo" happenTime="OnSummoned">
      <SideEffect name="AddLifeOne" IsNeedChoise="True" M_TargetRange="SelfBattleGround" Value="3"></SideEffect>
    </CardInfo>
  </Card>
  <Card id="502">
    <CardInfo name="baseInfo" pictureID="4" cardName="支援中队" cardDesc="" cost="3" money="250" dragPurpose="Summon" cardType="Retinue" cardColor="#AD5E00" hightLightColor="#FFFF00" />
    <CardInfo name="upgradeInfo" upgradeCardID="503" degradeCardID="501" cardLevel="2" />
    <CardInfo name="lifeInfo" life="3" totalLife="3" />
    <CardInfo name="battleInfo" basicAttack="2" basicShield="0" basicArmor="0" isSoldier="True" />
    <CardInfo name="slotInfo" slot1="None" slot2="None" slot3="None" slot4="None" />
    <CardInfo name="sideEffectsInfo" happenTime="OnSummoned">
      <SideEffect name="AddLifeOne" IsNeedChoise="True" M_TargetRange="SelfBattleGround" Value="6"></SideEffect>
    </CardInfo>
  </Card>
  <Card id="503">
    <CardInfo name="baseInfo" pictureID="4" cardName="支援大队" cardDesc="" cost="5" money="400" dragPurpose="Summon" cardType="Retinue" cardColor="#AD5E00" hightLightColor="#FFFF00" />
    <CardInfo name="upgradeInfo" upgradeCardID="-1" degradeCardID="502" cardLevel="3" />
    <CardInfo name="lifeInfo" life="3" totalLife="3" />
    <CardInfo name="battleInfo" basicAttack="2" basicShield="0" basicArmor="0" isSoldier="True" />
    <CardInfo name="slotInfo" slot1="None" slot2="None" slot3="None" slot4="None" />
    <CardInfo name="sideEffectsInfo" happenTime="OnSummoned">
      <SideEffect name="AddLifeOne" IsNeedChoise="True" M_TargetRange="SelfBattleGround" Value="10"></SideEffect>
    </CardInfo>
  </Card>
  <Card id="600">
    <CardInfo name="baseInfo" pictureID="5" cardName="绝对防御" cardDesc="" cost="4" money="200" dragPurpose="Summon" cardType="Retinue" cardColor="#AD5E00" hightLightColor="#FFFF00" />
    <CardInfo name="upgradeInfo" upgradeCardID="-1" degradeCardID="-1" cardLevel="0" />
    <CardInfo name="lifeInfo" life="4" totalLife="4" />
    <CardInfo name="battleInfo" basicAttack="0" basicShield="0" basicArmor="7" isSoldier="True" />
    <CardInfo name="slotInfo" slot1="None" slot2="None" slot3="None" slot4="None" />
  </Card>
  <Card id="700">
    <CardInfo name="baseInfo" pictureID="6" cardName="太空机雷" cardDesc="" cost="2" money="100" dragPurpose="Summon" cardType="Retinue" cardColor="#AD5E00" hightLightColor="#FFFF00" />
    <CardInfo name="upgradeInfo" upgradeCardID="-1" degradeCardID="-1" cardLevel="0" />
    <CardInfo name="lifeInfo" life="1" totalLife="1" />
    <CardInfo name="battleInfo" basicAttack="0" basicShield="0" basicArmor="0" isSoldier="True" />
    <CardInfo name="slotInfo" slot1="None" slot2="None" slot3="None" slot4="None" />
    <CardInfo name="sideEffectsInfo" happenTime="OnDie">
      <SideEffect name="DamageRandom" IsNeedChoise="False" M_TargetRange="EnemyBattleGround" Value="5"></SideEffect>
    </CardInfo>
  </Card>
  <Card id="800">
    <CardInfo name="baseInfo" pictureID="7" cardName="战场工兵" cardDesc="" cost="2" money="0" dragPurpose="Summon" cardType="Retinue" cardColor="#AD5E00" hightLightColor="#FFFF00" />
    <CardInfo name="upgradeInfo" upgradeCardID="-1" degradeCardID="-1" cardLevel="0" />
    <CardInfo name="lifeInfo" life="1" totalLife="1" />
    <CardInfo name="battleInfo" basicAttack="0" basicShield="0" basicArmor="0" isSoldier="True" />
    <CardInfo name="slotInfo" slot1="None" slot2="None" slot3="None" slot4="None" />
    <CardInfo name="sideEffectsInfo" happenTime="OnSummoned">
      <SideEffect name="HealOne" IsNeedChoise="True" M_TargetRange="SelfBattleGround" Value="5"></SideEffect>
    </CardInfo>
  </Card>

  <Card id="10101">
    <CardInfo name="baseInfo" pictureID="100" cardName="热能斧" cardDesc="" cost="3" money="300" dragPurpose="Equip" cardType="Weapon" cardColor="#FF229D" hightLightColor="#FFFF00" />
    <CardInfo name="upgradeInfo" upgradeCardID="10102" degradeCardID="-1" cardLevel="1" />
    <CardInfo name="weaponInfo" energy="1" energyMax="5" attack="1" weaponType="Sword" />
  </Card>
  <Card id="10102">
    <CardInfo name="baseInfo" pictureID="100" cardName="高能热能斧" cardDesc="" cost="3" money="400" dragPurpose="Equip" cardType="Weapon" cardColor="#FF229D" hightLightColor="#FFFF00" />
    <CardInfo name="upgradeInfo" upgradeCardID="10103" degradeCardID="10101" cardLevel="2" />
    <CardInfo name="weaponInfo" energy="2" energyMax="6" attack="1" weaponType="Sword" />
  </Card>
  <Card id="10103">
    <CardInfo name="baseInfo" pictureID="100" cardName="狂暴热能斧" cardDesc="" cost="3" money="500" dragPurpose="Equip" cardType="Weapon" cardColor="#FF229D" hightLightColor="#FFFF00" />
    <CardInfo name="upgradeInfo" upgradeCardID="-1" degradeCardID="10102" cardLevel="3" />
    <CardInfo name="weaponInfo" energy="3" energyMax="7" attack="1" weaponType="Sword" />
  </Card>

  <Card id="20101">
    <CardInfo name="baseInfo" pictureID="200" cardName="机枪" cardDesc="" cost="2" money="300" dragPurpose="Equip" cardType="Weapon" cardColor="#FF0000" hightLightColor="#FFFF00" />
    <CardInfo name="upgradeInfo" upgradeCardID="20102" degradeCardID="-1" cardLevel="1" />
    <CardInfo name="weaponInfo" energy="5" energyMax="5" attack="1" weaponType="Gun" />
  </Card>
  <Card id="20102">
    <CardInfo name="baseInfo" pictureID="200" cardName="连射机枪" cardDesc="" cost="2" money="400" dragPurpose="Equip" cardType="Weapon" cardColor="#FF0000" hightLightColor="#FFFF00" />
    <CardInfo name="upgradeInfo" upgradeCardID="20103" degradeCardID="20101" cardLevel="2" />
    <CardInfo name="weaponInfo" energy="6" energyMax="6" attack="1" weaponType="Gun" />
  </Card>
  <Card id="20103">
    <CardInfo name="baseInfo" pictureID="200" cardName="高速机枪" cardDesc="" cost="2" money="500" dragPurpose="Equip" cardType="Weapon" cardColor="#FF0000" hightLightColor="#FFFF00" />
    <CardInfo name="upgradeInfo" upgradeCardID="-1" degradeCardID="20102" cardLevel="3" />
    <CardInfo name="weaponInfo" energy="7" energyMax="7" attack="1" weaponType="Gun" />
  </Card>

  <Card id="30101">
    <CardInfo name="baseInfo" pictureID="300" cardName="光子护盾Ⅰ" cardDesc="" cost="2" money="300" dragPurpose="Equip" cardType="Shield" cardColor="#E6FF00" hightLightColor="#FF781C" />
    <CardInfo name="upgradeInfo" upgradeCardID="30102" degradeCardID="-1" cardLevel="1" />
    <CardInfo name="shieldInfo" armor="0" shield="4" shieldType="Shield" />
  </Card>
  <Card id="30102">
    <CardInfo name="baseInfo" pictureID="300" cardName="光子护盾Ⅱ" cardDesc="" cost="2" money="400" dragPurpose="Equip" cardType="Shield" cardColor="#E6FF00" hightLightColor="#FF781C" />
    <CardInfo name="upgradeInfo" upgradeCardID="30103" degradeCardID="30101" cardLevel="2" />
    <CardInfo name="shieldInfo" armor="0" shield="6" shieldType="Shield" />
  </Card>
  <Card id="30103">
    <CardInfo name="baseInfo" pictureID="300" cardName="光子护盾Ⅲ" cardDesc="" cost="3" money="500" dragPurpose="Equip" cardType="Shield" cardColor="#E6FF00" hightLightColor="#FF781C" />
    <CardInfo name="upgradeInfo" upgradeCardID="-1" degradeCardID="30102" cardLevel="3" />
    <CardInfo name="shieldInfo" armor="0" shield="8" shieldType="Shield" />
  </Card>

  <Card id="40101">
    <CardInfo name="baseInfo" pictureID="350" cardName="新兵盾牌Ⅰ" cardDesc="" cost="1" money="100" dragPurpose="Equip" cardType="Shield" cardColor="#FF8E00" hightLightColor="#FFFF00" />
    <CardInfo name="upgradeInfo" upgradeCardID="40102" degradeCardID="-1" cardLevel="1" />
    <CardInfo name="shieldInfo" armor="4" shield="0" shieldType="Armor" />
  </Card>
  <Card id="40102">
    <CardInfo name="baseInfo" pictureID="350" cardName="新兵盾牌Ⅱ" cardDesc="" cost="2" money="200" dragPurpose="Equip" cardType="Shield" cardColor="#FF8E00" hightLightColor="#FFFF00" />
    <CardInfo name="upgradeInfo" upgradeCardID="40103" degradeCardID="40101" cardLevel="2" />
    <CardInfo name="shieldInfo" armor="6" shield="0" shieldType="Armor" />
  </Card>
  <Card id="40103">
    <CardInfo name="baseInfo" pictureID="350" cardName="新兵盾牌Ⅲ" cardDesc="" cost="3" money="300" dragPurpose="Equip" cardType="Shield" cardColor="#FF8E00" hightLightColor="#FFFF00" />
    <CardInfo name="upgradeInfo" upgradeCardID="-1" degradeCardID="40102" cardLevel="3" />
    <CardInfo name="shieldInfo" armor="8" shield="0" shieldType="Armor" />
  </Card>

  <Card id="50101">
    <CardInfo name="baseInfo" pictureID="600" cardName="火力防御" cardDesc="" cost="1" money="100" dragPurpose="Target" cardType="Spell" cardColor="#78FF4E" hightLightColor="#FFFF00" />
    <CardInfo name="upgradeInfo" upgradeCardID="50102" degradeCardID="-1" cardLevel="1" />
    <CardInfo name="sideEffectsInfo" happenTime="OnSummoned">
      <SideEffect name="DamageOne" IsNeedChoise="True" M_TargetRange="EnemyBattleGround" Value="2"></SideEffect>
    </CardInfo>
  </Card>
  <Card id="50102">
    <CardInfo name="baseInfo" pictureID="600" cardName="火神扫射" cardDesc="" cost="2" money="150" dragPurpose="Target" cardType="Spell" cardColor="#78FF4E" hightLightColor="#FFFF00" />
    <CardInfo name="upgradeInfo" upgradeCardID="-1" degradeCardID="50101" cardLevel="2" />
    <CardInfo name="sideEffectsInfo" happenTime="OnSummoned">
      <SideEffect name="DamageAll" M_TargetRange="EnemyBattleGround" Value="1"></SideEffect>
    </CardInfo>
  </Card>
  <Card id="50103">
    <CardInfo name="baseInfo" pictureID="600" cardName="火力防御" cardDesc="" cost="1" money="100" dragPurpose="Target" cardType="Spell" cardColor="#78FF4E" hightLightColor="#FFFF00" />
    <CardInfo name="upgradeInfo" upgradeCardID="50102" degradeCardID="-1" cardLevel="1" />
    <CardInfo name="sideEffectsInfo" happenTime="OnSummoned">
      <SideEffect name="DamageOne" IsNeedChoise="True" M_TargetRange="SelfBattleGround" Value="2"></SideEffect>
    </CardInfo>
  </Card>
  <Card id="50104">
    <CardInfo name="baseInfo" pictureID="600" cardName="火力防御" cardDesc="" cost="1" money="100" dragPurpose="Target" cardType="Spell" cardColor="#78FF4E" hightLightColor="#FFFF00" />
    <CardInfo name="upgradeInfo" upgradeCardID="50102" degradeCardID="-1" cardLevel="1" />
    <CardInfo name="sideEffectsInfo" happenTime="OnSummoned">
      <SideEffect name="DamageOne" IsNeedChoise="True" M_TargetRange="BattleGrounds" Value="2"></SideEffect>
    </CardInfo>
  </Card>
  <Card id="50201">
    <CardInfo name="baseInfo" pictureID="603" cardName="月面镭射" cardDesc="" cost="3" money="200" dragPurpose="Target" cardType="Spell" cardColor="#78FF4E" hightLightColor="#FFFF00" />
    <CardInfo name="upgradeInfo" upgradeCardID="-1" degradeCardID="-1" cardLevel="1" />
    <CardInfo name="sideEffectsInfo" happenTime="OnSummoned">
      <SideEffect name="DamageOne" IsNeedChoise="True" M_TargetRange="Soldiers" Value="6"></SideEffect>
    </CardInfo>
  </Card>
  <Card id="50301">
    <CardInfo name="baseInfo" pictureID="604" cardName="蝴蝶效应" cardDesc="" cost="5" money="200" dragPurpose="Summon" cardType="Spell" cardColor="#78FF4E" hightLightColor="#FFFF00" />
    <CardInfo name="upgradeInfo" upgradeCardID="-1" degradeCardID="-1" cardLevel="1" />
    <CardInfo name="sideEffectsInfo" happenTime="OnSummoned">
      <SideEffect name="HealAll" IsNeedChoise="False" M_TargetRange="All" Value="1"></SideEffect>
    </CardInfo>
  </Card>
  <Card id="50401">
    <CardInfo name="baseInfo" pictureID="605" cardName="钛金魔方" cardDesc="" cost="5" money="200" dragPurpose="Summon" cardType="Spell" cardColor="#78FF4E" hightLightColor="#FFFF00" />
    <CardInfo name="upgradeInfo" upgradeCardID="-1" degradeCardID="-1" cardLevel="1" />
    <CardInfo name="sideEffectsInfo" happenTime="OnSummoned">
      <SideEffect name="CopyNextDrawCard" Value="1"></SideEffect>
    </CardInfo>
  </Card>
  <Card id="50501">
    <CardInfo name="baseInfo" pictureID="606" cardName="精神领域" cardDesc="" cost="5" money="200" dragPurpose="Summon" cardType="Spell" cardColor="#78FF4E" hightLightColor="#FFFF00" />
    <CardInfo name="upgradeInfo" upgradeCardID="-1" degradeCardID="-1" cardLevel="1" />
    <CardInfo name="sideEffectsInfo" happenTime="OnSummoned">
      <SideEffect name="DrawCards" Value="2"></SideEffect>
    </CardInfo>
  </Card>
  <Card id="50601">
    <CardInfo name="baseInfo" pictureID="607" cardName="死亡之光" cardDesc="" cost="5" money="200" dragPurpose="Summon" cardType="Spell" cardColor="#78FF4E" hightLightColor="#FFFF00" />
    <CardInfo name="upgradeInfo" upgradeCardID="-1" degradeCardID="-1" cardLevel="1" />
    <CardInfo name="sideEffectsInfo" happenTime="OnSummoned">
      <SideEffect name="DamageAll" IsNeedChoise="False" M_TargetRange="Soldiers" Value="1"></SideEffect>
    </CardInfo>
  </Card>
</AllCards>