﻿<?xml version="1.0" encoding="utf-8"?>
<AllBuilds>
  <BuildInfo>
    <Info name="baseInfo" BuildName="Story1" DrawCardNum="2" Life="10" Energy="6" BeginMetal="0" />
    <Info name="cardIDs" ids="6901,62101,70101,62401,62500,62401,62401,62401,70101,60301,6901,6901,70301,62101" />
  </BuildInfo>
  <BuildInfo>
    <Info name="baseInfo" BuildName="Story1_Unlock" DrawCardNum="1" Life="10" Energy="6" BeginMetal="0" />
    <Info name="cardIDs" ids="5401,6901,60301,62101,70101,62401,62500,70301" />
  </BuildInfo>
</AllBuilds>