﻿<?xml version="1.0" encoding="utf-8"?>

<Story>
  <StartBuildInfo BuildName="Story1" />
  <StartUnlockCardInfo BuildName="Story1_Unlock" />
  <GamePlaySettings DrawCardPerRound="2" DefaultCoin="1500" DefaultLife="20" DefaultLifeMax="12" DefaultLifeMin="10" DefaultEnergy="6" DefaultEnergyMax="6" DefaultDrawCardNum="2" MinDrawCardNum="2" MaxDrawCardNum="5" />
  <Level Level="0" LevelFightTimes="3" BigBossFightTimes="1">
    <CommonBonus>
      <BonusGroupInfo type="Always">
        <BonusInfo name="Budget" value="50"></BonusInfo>
        <BonusInfo name="LifeUpperLimit" value="1"></BonusInfo>
      </BonusGroupInfo>
      <BonusGroupInfo type="Optional" probability="70" singleton="False">
        <BonusInfo name="UnlockCardByLevelNum" value="0"></BonusInfo>
      </BonusGroupInfo>
      <BonusGroupInfo type="Optional" probability="5" singleton="True">
        <BonusInfo name="LifeUpperLimit" value="3"></BonusInfo>
        <BonusInfo name="EnergyUpperLimit" value="1"></BonusInfo>
      </BonusGroupInfo>
      <BonusGroupInfo type="Optional" probability="5" singleton="True">
        <BonusInfo name="EnergyUpperLimit" value="2"></BonusInfo>
      </BonusGroupInfo>
      <BonusGroupInfo type="Optional" probability="5" singleton="True">
        <BonusInfo name="LifeUpperLimit" value="2"></BonusInfo>
        <BonusInfo name="EnergyUpperLimit" value="1"></BonusInfo>
        <BonusInfo name="Budget" value="50"></BonusInfo>
      </BonusGroupInfo>
      <BonusGroupInfo type="Optional" probability="5" singleton="True">
        <BonusInfo name="LifeUpperLimit" value="1"></BonusInfo>
        <BonusInfo name="Budget" value="75"></BonusInfo>
      </BonusGroupInfo>
      <BonusGroupInfo type="Optional" probability="1" singleton="True">
        <BonusInfo name="LifeUpperLimit" value="3"></BonusInfo>
        <BonusInfo name="EnergyUpperLimit" value="2"></BonusInfo>
        <BonusInfo name="Budget" value="150"></BonusInfo>
      </BonusGroupInfo>
      <BonusGroupInfo type="Optional" probability="1" singleton="True">
        <BonusInfo name="EnergyUpperLimit" value="3"></BonusInfo>
      </BonusGroupInfo>
      <BonusGroupInfo type="Optional" probability="1" singleton="True">
        <BonusInfo name="LifeUpperLimit" value="4"></BonusInfo>
      </BonusGroupInfo>
    </CommonBonus>
    <BossInfo name="Soldier" BuildName="MechMine_Lv0" picID="53">
      <BonusGroupInfo type="Always">
        <BonusInfo name="UnlockCardByID" value="5301"></BonusInfo>
      </BonusGroupInfo>
    </BossInfo>
    <BossInfo name="Soldier" BuildName="Training_Recruit_Lv0" picID="68">
      <BonusGroupInfo type="Always">
        <BonusInfo name="UnlockCardByID" value="6901"></BonusInfo>
      </BonusGroupInfo>
    </BossInfo>
    <BossInfo name="Soldier" BuildName="RepairTeam_Lv0" picID="51">
      <BonusGroupInfo type="Always">
        <BonusInfo name="UnlockCardByID" value="5101"></BonusInfo>
      </BonusGroupInfo>
    </BossInfo>
    <BossInfo name="Boss" BuildName="Gatlin_Lv0" picID="601">
      <BonusGroupInfo type="Always">
        <BonusInfo name="UnlockCardByID" value="60101"></BonusInfo>
      </BonusGroupInfo>
    </BossInfo>
    <BossInfo name="Boss" BuildName="StrikeTeam_Lv0" picID="58">
      <BonusGroupInfo type="Always">
        <BonusInfo name="UnlockCardByID" value="5800"></BonusInfo>
      </BonusGroupInfo>
    </BossInfo>
    <BossInfo name="Boss" BuildName="SpiritualField_Lv0" picID="606">
      <BonusGroupInfo type="Always">
        <BonusInfo name="UnlockCardByID" value="60601"></BonusInfo>
      </BonusGroupInfo>
    </BossInfo>
  </Level>
  <Level Level="1" LevelFightTimes="4" BigBossFightTimes="2">
    <CommonBonus>
      <BonusGroupInfo type="Always">
        <BonusInfo name="Budget" value="150"></BonusInfo>
        <BonusInfo name="LifeUpperLimit" value="1"></BonusInfo>
        <BonusInfo name="EnergyUpperLimit" value="1"></BonusInfo>
      </BonusGroupInfo>
      <BonusGroupInfo type="Optional" probability="40" singleton="False">
        <BonusInfo name="UnlockCardByLevelNum" value="0"></BonusInfo>
      </BonusGroupInfo>
      <BonusGroupInfo type="Optional" probability="80" singleton="False">
        <BonusInfo name="UnlockCardByLevelNum" value="1"></BonusInfo>
      </BonusGroupInfo>
      <BonusGroupInfo type="Optional" probability="5" singleton="True">
        <BonusInfo name="LifeUpperLimit" value="3"></BonusInfo>
        <BonusInfo name="EnergyUpperLimit" value="1"></BonusInfo>
        <BonusInfo name="Budget" value="75"></BonusInfo>
      </BonusGroupInfo>
      <BonusGroupInfo type="Optional" probability="5" singleton="True">
        <BonusInfo name="LifeUpperLimit" value="1"></BonusInfo>
        <BonusInfo name="EnergyUpperLimit" value="2"></BonusInfo>
        <BonusInfo name="Budget" value="125"></BonusInfo>
      </BonusGroupInfo>
      <BonusGroupInfo type="Optional" probability="5" singleton="True">
        <BonusInfo name="LifeUpperLimit" value="2"></BonusInfo>
        <BonusInfo name="EnergyUpperLimit" value="1"></BonusInfo>
        <BonusInfo name="Budget" value="25"></BonusInfo>
      </BonusGroupInfo>
      <BonusGroupInfo type="Optional" probability="5" singleton="True">
        <BonusInfo name="LifeUpperLimit" value="1"></BonusInfo>
        <BonusInfo name="Budget" value="50"></BonusInfo>
      </BonusGroupInfo>
      <BonusGroupInfo type="Optional" probability="1" singleton="True">
        <BonusInfo name="LifeUpperLimit" value="3"></BonusInfo>
        <BonusInfo name="EnergyUpperLimit" value="2"></BonusInfo>
        <BonusInfo name="Budget" value="50"></BonusInfo>
      </BonusGroupInfo>
      <BonusGroupInfo type="Optional" probability="1" singleton="True">
        <BonusInfo name="LifeUpperLimit" value="5"></BonusInfo>
      </BonusGroupInfo>
      <BonusGroupInfo type="Optional" probability="1" singleton="True">
        <BonusInfo name="EnergyUpperLimit" value="3"></BonusInfo>
      </BonusGroupInfo>
    </CommonBonus>
    <BossInfo name="Soldier" BuildName="Heal_Lv1" picID="627">
      <BonusGroupInfo type="Always">
        <BonusInfo name="UnlockCardByID" value="6901"></BonusInfo>
      </BonusGroupInfo>
    </BossInfo>
    <BossInfo name="Soldier" BuildName="Dagger_Lv1" picID="103">
      <BonusGroupInfo type="Always">
        <BonusInfo name="UnlockCardByID" value="5101"></BonusInfo>
      </BonusGroupInfo>
    </BossInfo>
    <BossInfo name="Boss" BuildName="DomTeam_Lv1" picID="57">
      <BonusGroupInfo type="Always">
        <BonusInfo name="UnlockCardByID" value="5700"></BonusInfo>
      </BonusGroupInfo>
    </BossInfo>
    <BossInfo name="Boss" BuildName="Armor_Lv1" picID="350">
      <BonusGroupInfo type="Always">
        <BonusInfo name="UnlockCardByID" value="30201"></BonusInfo>
      </BonusGroupInfo>
    </BossInfo>
  </Level>
  <Level Level="2" LevelFightTimes="4" BigBossFightTimes="1">
    <CommonBonus>
      <BonusGroupInfo type="Always">
        <BonusInfo name="Budget" value="100"></BonusInfo>
        <BonusInfo name="LifeUpperLimit" value="2"></BonusInfo>
        <BonusInfo name="EnergyUpperLimit" value="1"></BonusInfo>
      </BonusGroupInfo>
      <BonusGroupInfo type="Optional" probability="20" singleton="False">
        <BonusInfo name="UnlockCardByLevelNum" value="0"></BonusInfo>
      </BonusGroupInfo>
      <BonusGroupInfo type="Optional" probability="40" singleton="False">
        <BonusInfo name="UnlockCardByLevelNum" value="1"></BonusInfo>
      </BonusGroupInfo>
      <BonusGroupInfo type="Optional" probability="70" singleton="False">
        <BonusInfo name="UnlockCardByLevelNum" value="2"></BonusInfo>
      </BonusGroupInfo>
      <BonusGroupInfo type="Optional" probability="5" singleton="True">
        <BonusInfo name="LifeUpperLimit" value="3"></BonusInfo>
        <BonusInfo name="EnergyUpperLimit" value="2"></BonusInfo>
      </BonusGroupInfo>
      <BonusGroupInfo type="Optional" probability="5" singleton="True">
        <BonusInfo name="EnergyUpperLimit" value="2"></BonusInfo>
        <BonusInfo name="Budget" value="75"></BonusInfo>
      </BonusGroupInfo>
      <BonusGroupInfo type="Optional" probability="5" singleton="True">
        <BonusInfo name="LifeUpperLimit" value="2"></BonusInfo>
        <BonusInfo name="EnergyUpperLimit" value="1"></BonusInfo>
        <BonusInfo name="Budget" value="75"></BonusInfo>
      </BonusGroupInfo>
      <BonusGroupInfo type="Optional" probability="5" singleton="True">
        <BonusInfo name="LifeUpperLimit" value="4"></BonusInfo>
        <BonusInfo name="EnergyUpperLimit" value="1"></BonusInfo>
        <BonusInfo name="Budget" value="25"></BonusInfo>
      </BonusGroupInfo>
      <BonusGroupInfo type="Optional" probability="1" singleton="True">
        <BonusInfo name="Budget" value="150"></BonusInfo>
      </BonusGroupInfo>
      <BonusGroupInfo type="Optional" probability="1" singleton="True">
        <BonusInfo name="LifeUpperLimit" value="6"></BonusInfo>
      </BonusGroupInfo>
    </CommonBonus>
    <BossInfo name="Soldier" BuildName="GunCanon_Lv2" picID="56">
      <BonusGroupInfo type="Always">
        <BonusInfo name="UnlockCardByID" value="5600"></BonusInfo>
      </BonusGroupInfo>
    </BossInfo>
    <BossInfo name="Soldier" BuildName="SniperJim_Lv2" picID="59">
      <BonusGroupInfo type="Always">
        <BonusInfo name="UnlockCardByID" value="5900"></BonusInfo>
      </BonusGroupInfo>
    </BossInfo>
    <BossInfo name="Soldier" BuildName="GAT-X131_Lv2" picID="60">
      <BonusGroupInfo type="Always">
        <BonusInfo name="UnlockCardByID" value="6000"></BonusInfo>
      </BonusGroupInfo>
    </BossInfo>
    <BossInfo name="Soldier" BuildName="MS-08TX_Lv2" picID="64">
      <BonusGroupInfo type="Always">
        <BonusInfo name="UnlockCardByID" value="6400"></BonusInfo>
      </BonusGroupInfo>
    </BossInfo>
    <BossInfo name="Soldier" BuildName="ThermalAxe_Lv2" picID="100">
      <BonusGroupInfo type="Always">
        <BonusInfo name="UnlockCardByID" value="10101"></BonusInfo>
      </BonusGroupInfo>
    </BossInfo>
    <BossInfo name="Soldier" BuildName="Shield_Lv2" picID="300">
      <BonusGroupInfo type="Always">
        <BonusInfo name="UnlockCardByID" value="30101"></BonusInfo>
      </BonusGroupInfo>
    </BossInfo>
    <BossInfo name="Soldier" BuildName="AIUpgrade_Lv2" picID="705">
      <BonusGroupInfo type="Always">
        <BonusInfo name="UnlockCardByID" value="70501"></BonusInfo>
      </BonusGroupInfo>
    </BossInfo>
    <BossInfo name="Boss" BuildName="CriticalAttack_Lv2" picID="634">
      <BonusGroupInfo type="Always">
        <BonusInfo name="UnlockCardByID" value="62600"></BonusInfo>
      </BonusGroupInfo>
    </BossInfo>
    <BossInfo name="Boss" BuildName="Strike_Lv2" picID="1">
      <BonusGroupInfo type="Always">
        <BonusInfo name="UnlockCardByID" value="100"></BonusInfo>
      </BonusGroupInfo>
    </BossInfo>
  </Level>
</Story>