<?xml version="1.0" encoding="utf-8"?>

<AllEnemies>
  <LevelInfo name_en="CustomEnemy" name_zh="自定义战斗敌人" picID="1000" levelType="Enemy" difficultyLevel="1">
    <EnemyInfo enemyType="Soldier">
      <BuildInfo>
        <Info name="baseInfo" BuildName="TempDeck" DrawCardNum="4" Life="999" Energy="50" BeginMetal="5" />
        <Info name="cardIDs"
              ids="(-2,0,1);(0,1,3);(1,1,1);(2,1,2);(3,1,3);(4,1,1);(5,1,2);(6,1,3);(7,1,3);(8,1,3);(9,1,3);(10,1,3);(11,1,1);(12,1,1);(13,1,3);(14,1,3);(15,1,3);(16,1,3);(17,1,2);(18,1,2);(19,1,2);(20,1,3);(21,1,3);(22,1,3);(23,1,1);(24,1,1);(25,1,3);(26,1,3);(27,1,3);(28,1,3);(29,1,2);(5230,1,3);(5250,1,3)" />
      </BuildInfo>
      <BonusGroupInfos />
      <CardPriority PriorityCardIDList="" />
      <CardComboList />
    </EnemyInfo>
  </LevelInfo>
  <LevelInfo name_en="NewEnemy" name_zh="新关卡" picID="1000" levelType="Enemy" difficultyLevel="1">
    <EnemyInfo enemyType="Soldier">
      <BuildInfo>
        <Info name="baseInfo" BuildName="TempDeck" DrawCardNum="2" Life="25" Energy="5" BeginMetal="1" />
        <Info name="cardIDs"
              ids="(-2,0,1);(0,0,3);(1,0,1);(2,0,2);(3,0,1);(4,0,1);(5,0,2);(6,0,3);(7,0,3);(8,0,3);(9,0,3);(10,0,3);(11,0,1);(12,0,1);(13,0,3);(14,0,3);(15,0,3);(16,0,3);(17,0,2);(18,0,2);(19,0,2);(20,0,3);(21,0,3);(22,0,3);(23,0,1);(24,0,1);(25,0,3);(26,0,3);(27,0,3);(28,0,3);(29,0,2);(5230,0,3);(5250,0,3)" />
      </BuildInfo>
      <BonusGroupInfos />
      <CardPriority PriorityCardIDList="" />
      <CardComboList />
    </EnemyInfo>
  </LevelInfo>
  <LevelInfo name_en="Discarded Lord" name_zh="废弃领主" picID="79" levelType="Enemy" difficultyLevel="1">
    <EnemyInfo enemyType="Soldier">
      <BuildInfo>
        <Info name="baseInfo" BuildName="TempDeck" DrawCardNum="1" Life="6" Energy="5" BeginMetal="1" />
        <Info name="cardIDs"
              ids="(-2,0,1);(0,1,3);(1,0,1);(2,1,2);(3,0,1);(4,0,1);(5,0,2);(6,0,3);(7,0,3);(8,0,3);(9,0,3);(10,0,3);(11,0,1);(12,0,1);(13,0,3);(14,0,3);(15,0,3);(16,0,3);(17,0,2);(18,0,2);(19,0,2);(20,0,3);(21,0,3);(22,0,3);(23,0,1);(24,0,1);(25,0,3);(26,0,3);(27,0,3);(28,0,3);(29,0,2);(30,0,3);(31,0,3);(32,0,1);(33,0,1);(34,0,1);(35,0,3);(36,0,3);(37,0,3);(38,0,3);(39,0,3);(40,0,3);(41,0,3);(42,0,3);(43,0,1);(44,0,1);(45,0,1);(46,0,3);(47,0,3);(48,0,3);(49,0,1);(50,0,3);(51,0,3);(52,0,3);(53,0,1);(54,0,1);(55,0,1);(5230,0,3);(5250,0,3)" />
      </BuildInfo>
      <BonusGroupInfos>
        <BonusGroupInfo isAlways="False" probability="50" isSingleton="True">
          <BonusInfo bonusType="UnlockCardByID" cardID="2" />
        </BonusGroupInfo>
        <BonusGroupInfo isAlways="False" probability="50" isSingleton="False">
          <BonusInfo bonusType="UnlockCardByLevelNum" levelNum="1" />
        </BonusGroupInfo>
        <BonusGroupInfo isAlways="True">
          <BonusInfo bonusType="BudgetLifeEnergyMixed" value="150" />
        </BonusGroupInfo>
        <BonusGroupInfo isAlways="False" probability="10" isSingleton="True">
          <BonusInfo bonusType="UnlockCardByID" cardID="20" />
        </BonusGroupInfo>
      </BonusGroupInfos>
      <CardPriority PriorityCardIDList="0,5,3" />
      <CardComboList>
        <CardCombo ComboCardIDList="5,3" />
      </CardComboList>
    </EnemyInfo>
  </LevelInfo>
  <LevelInfo name_en="Dungeon Army" name_zh="地下城军团" picID="97" levelType="Enemy" difficultyLevel="1">
    <EnemyInfo enemyType="Soldier">
      <BuildInfo>
        <Info name="baseInfo" BuildName="TempDeck" DrawCardNum="2" Life="15" Energy="5" BeginMetal="2" />
        <Info name="cardIDs"
              ids="(-2,0,1);(0,0,3);(1,0,1);(2,0,2);(3,0,1);(4,0,1);(5,0,2);(6,0,3);(7,0,3);(8,0,3);(9,1,3);(10,0,3);(11,0,1);(12,0,1);(13,0,3);(14,0,3);(15,0,3);(16,0,3);(17,0,2);(18,0,2);(19,0,2);(20,0,3);(21,0,3);(22,0,3);(23,0,1);(24,0,1);(25,3,3);(26,3,3);(27,0,3);(28,0,3);(29,0,2);(30,0,3);(31,0,3);(32,0,1);(33,0,1);(34,0,1);(35,0,3);(36,0,3);(37,0,3);(38,0,3);(39,0,3);(40,0,3);(41,0,3);(42,0,3);(43,0,1);(44,0,1);(45,0,1);(46,0,3);(47,0,3);(48,0,3);(49,0,1);(50,0,3);(51,0,3);(52,0,3);(53,0,1);(54,0,1);(55,0,1);(5230,0,3);(5250,0,3)" />
      </BuildInfo>
      <BonusGroupInfos>
        <BonusGroupInfo isAlways="False" probability="30" isSingleton="False">
          <BonusInfo bonusType="UnlockCardByLevelNum" levelNum="2" />
        </BonusGroupInfo>
        <BonusGroupInfo isAlways="False" probability="70" isSingleton="False">
          <BonusInfo bonusType="UnlockCardByLevelNum" levelNum="1" />
        </BonusGroupInfo>
        <BonusGroupInfo isAlways="False" probability="30" isSingleton="True">
          <BonusInfo bonusType="UnlockCardByID" cardID="25" />
        </BonusGroupInfo>
        <BonusGroupInfo isAlways="True">
          <BonusInfo bonusType="BudgetLifeEnergyMixed" value="200" />
        </BonusGroupInfo>
      </BonusGroupInfos>
      <CardPriority PriorityCardIDList="" />
      <CardComboList />
    </EnemyInfo>
  </LevelInfo>
  <LevelInfo name_en="Dom Factory" name_zh="大魔生产基地" picID="57" levelType="Enemy" difficultyLevel="1">
    <EnemyInfo enemyType="Soldier">
      <BuildInfo>
        <Info name="baseInfo" BuildName="TempDeck" DrawCardNum="2" Life="12" Energy="5" BeginMetal="3" />
        <Info name="cardIDs"
              ids="(-2,0,1);(0,0,3);(1,0,1);(2,0,2);(3,0,1);(4,0,1);(5,0,2);(6,0,3);(7,0,3);(8,0,3);(9,0,3);(10,0,3);(11,0,1);(12,0,1);(13,0,3);(14,2,3);(15,0,3);(16,0,3);(17,2,2);(18,0,2);(19,0,2);(20,0,3);(21,0,3);(22,0,3);(23,0,1);(24,0,1);(25,0,3);(26,2,3);(27,0,3);(28,0,3);(29,0,2);(30,0,3);(31,0,3);(32,0,1);(33,0,1);(34,0,1);(35,0,3);(36,0,3);(37,0,3);(38,0,3);(39,0,3);(40,0,3);(41,0,3);(42,0,3);(43,0,1);(44,0,1);(45,0,1);(46,0,3);(47,0,3);(48,0,3);(49,0,1);(50,0,3);(51,0,3);(52,0,3);(53,0,1);(54,0,1);(55,0,1);(5230,0,3);(5250,0,3)" />
      </BuildInfo>
      <BonusGroupInfos>
        <BonusGroupInfo isAlways="False" probability="50" isSingleton="False">
          <BonusInfo bonusType="UnlockCardByLevelNum" levelNum="1" />
        </BonusGroupInfo>
        <BonusGroupInfo isAlways="False" probability="10" isSingleton="False">
          <BonusInfo bonusType="UnlockCardByLevelNum" levelNum="2" />
        </BonusGroupInfo>
        <BonusGroupInfo isAlways="True">
          <BonusInfo bonusType="BudgetLifeEnergyMixed" value="300" />
        </BonusGroupInfo>
        <BonusGroupInfo isAlways="False" probability="50" isSingleton="True">
          <BonusInfo bonusType="UnlockCardByID" cardID="17" />
        </BonusGroupInfo>
      </BonusGroupInfos>
      <CardPriority PriorityCardIDList="" />
      <CardComboList />
    </EnemyInfo>
  </LevelInfo>
  <LevelInfo name_en="Hawk Scorpion" name_zh="鹰角蝎" picID="69" levelType="Enemy" difficultyLevel="2">
    <EnemyInfo enemyType="Elite">
      <BuildInfo>
        <Info name="baseInfo" BuildName="TempDeck" DrawCardNum="2" Life="20" Energy="10" BeginMetal="2" />
        <Info name="cardIDs"
              ids="(-2,0,1);(0,0,3);(1,1,1);(2,0,2);(3,0,1);(4,0,1);(5,0,2);(6,1,3);(7,0,3);(8,2,3);(9,0,3);(10,0,3);(11,0,1);(12,0,1);(13,0,3);(14,0,3);(15,0,3);(16,0,3);(17,0,2);(18,0,2);(19,0,2);(20,0,3);(21,0,3);(22,0,3);(23,0,1);(24,0,1);(25,0,3);(26,1,3);(27,2,3);(28,0,3);(29,1,2);(30,0,3);(31,0,3);(32,0,1);(33,0,1);(34,0,1);(35,0,3);(36,0,3);(37,0,3);(38,0,3);(39,0,3);(40,0,3);(41,0,3);(42,0,3);(43,0,1);(44,0,1);(45,0,1);(46,0,3);(47,0,3);(48,0,3);(49,0,1);(50,0,3);(51,0,3);(52,0,3);(53,0,1);(54,0,1);(55,0,1);(5230,0,3);(5250,0,3)" />
      </BuildInfo>
      <BonusGroupInfos>
        <BonusGroupInfo isAlways="False" probability="50" isSingleton="False">
          <BonusInfo bonusType="UnlockCardByLevelNum" levelNum="2" />
        </BonusGroupInfo>
        <BonusGroupInfo isAlways="False" probability="30" isSingleton="True">
          <BonusInfo bonusType="UnlockCardByID" cardID="29" />
        </BonusGroupInfo>
        <BonusGroupInfo isAlways="False" probability="10" isSingleton="True">
          <BonusInfo bonusType="UnlockCardByID" cardID="27" />
        </BonusGroupInfo>
        <BonusGroupInfo isAlways="False" probability="20" isSingleton="True">
          <BonusInfo bonusType="UnlockCardByID" cardID="28" />
        </BonusGroupInfo>
        <BonusGroupInfo isAlways="True">
          <BonusInfo bonusType="BudgetLifeEnergyMixed" value="250" />
        </BonusGroupInfo>
      </BonusGroupInfos>
      <CardPriority PriorityCardIDList="" />
      <CardComboList />
    </EnemyInfo>
  </LevelInfo>
  <LevelInfo name_en="Rathma" name_zh="拉斯玛" picID="91" levelType="Enemy" difficultyLevel="2">
    <EnemyInfo enemyType="Boss">
      <BuildInfo>
        <Info name="baseInfo" BuildName="TempDeck" DrawCardNum="2" Life="20" Energy="5" BeginMetal="3" />
        <Info name="cardIDs"
              ids="(-2,0,1);(0,0,3);(1,0,1);(2,2,2);(3,0,1);(4,1,1);(5,0,2);(6,0,3);(7,1,3);(8,0,3);(9,0,3);(10,0,3);(11,0,1);(12,0,1);(13,0,3);(14,1,3);(15,0,3);(16,0,3);(17,0,2);(18,0,2);(19,0,2);(20,0,3);(21,0,3);(22,0,3);(23,0,1);(24,1,1);(25,0,3);(26,1,3);(27,0,3);(28,0,3);(29,0,2);(30,0,3);(31,0,3);(32,0,1);(33,0,1);(34,0,1);(35,0,3);(36,0,3);(37,0,3);(38,0,3);(39,0,3);(40,0,3);(41,0,3);(42,0,3);(43,0,1);(44,0,1);(45,0,1);(46,0,3);(47,0,3);(48,0,3);(49,0,1);(50,0,3);(51,0,3);(52,0,3);(53,0,1);(54,0,1);(55,0,1);(5230,0,3);(5250,0,3)" />
      </BuildInfo>
      <BonusGroupInfos>
        <BonusGroupInfo isAlways="False" probability="30" isSingleton="False">
          <BonusInfo bonusType="UnlockCardByLevelNum" levelNum="3" />
        </BonusGroupInfo>
        <BonusGroupInfo isAlways="False" probability="30" isSingleton="False">
          <BonusInfo bonusType="UnlockCardByLevelNum" levelNum="2" />
        </BonusGroupInfo>
        <BonusGroupInfo isAlways="True">
          <BonusInfo bonusType="LifeUpperLimit" lifeUpperLimit="3" />
        </BonusGroupInfo>
        <BonusGroupInfo isAlways="False" probability="30" isSingleton="True">
          <BonusInfo bonusType="UnlockCardByID" cardID="24" />
        </BonusGroupInfo>
        <BonusGroupInfo isAlways="False" probability="20" isSingleton="False">
          <BonusInfo bonusType="BudgetLifeEnergyMixed" value="300" />
        </BonusGroupInfo>
      </BonusGroupInfos>
      <CardPriority PriorityCardIDList="4" />
      <CardComboList>
        <CardCombo ComboCardIDList="2,3" />
        <CardCombo ComboCardIDList="24,26" />
      </CardComboList>
    </EnemyInfo>
  </LevelInfo>
  <LevelInfo name_en="Lick King" name_zh="巫妖王" picID="96" levelType="Enemy" difficultyLevel="3">
    <EnemyInfo enemyType="Boss">
      <BuildInfo>
        <Info name="baseInfo" BuildName="TempDeck" DrawCardNum="2" Life="35" Energy="20" BeginMetal="5" />
        <Info name="cardIDs"
              ids="(-2,0,1);(0,0,3);(1,1,1);(2,0,2);(3,0,1);(4,0,1);(5,0,2);(6,2,3);(7,0,3);(8,0,3);(9,2,3);(10,0,3);(11,0,1);(12,0,1);(13,0,3);(14,0,3);(15,0,3);(16,0,3);(17,0,2);(18,0,2);(19,0,2);(20,0,3);(21,0,3);(22,0,3);(23,0,1);(24,0,1);(25,2,3);(26,1,3);(27,0,3);(28,0,3);(29,0,2);(30,0,3);(31,0,3);(32,0,1);(33,0,1);(34,0,1);(35,0,3);(36,0,3);(37,0,3);(38,0,3);(39,0,3);(40,0,3);(41,0,3);(42,1,3);(43,0,1);(44,1,1);(45,0,1);(46,0,3);(47,0,3);(48,0,3);(49,0,1);(50,0,3);(51,0,3);(52,0,3);(53,0,1);(54,0,1);(55,0,1);(5230,0,3);(5250,0,3)" />
      </BuildInfo>
      <BonusGroupInfos>
        <BonusGroupInfo isAlways="False" probability="50" isSingleton="False">
          <BonusInfo bonusType="UnlockCardByLevelNum" levelNum="3" />
        </BonusGroupInfo>
        <BonusGroupInfo isAlways="False" probability="10" isSingleton="False">
          <BonusInfo bonusType="UnlockCardByLevelNum" levelNum="2" />
        </BonusGroupInfo>
        <BonusGroupInfo isAlways="False" probability="10" isSingleton="False">
          <BonusInfo bonusType="BudgetLifeEnergyMixed" value="350" />
        </BonusGroupInfo>
        <BonusGroupInfo isAlways="False" probability="30" isSingleton="True">
          <BonusInfo bonusType="UnlockCardByID" cardID="54" />
        </BonusGroupInfo>
      </BonusGroupInfos>
      <CardPriority PriorityCardIDList="44" />
      <CardComboList />
    </EnemyInfo>
  </LevelInfo>
  <LevelInfo name_en="Lilith" name_zh="莉莉丝" picID="92" levelType="Enemy" difficultyLevel="3">
    <EnemyInfo enemyType="Elite">
      <BuildInfo>
        <Info name="baseInfo" BuildName="TempDeck" DrawCardNum="2" Life="25" Energy="20" BeginMetal="5" />
        <Info name="cardIDs"
              ids="(-2,0,1);(0,0,3);(1,0,1);(2,0,2);(3,0,1);(4,0,1);(5,0,2);(6,0,3);(7,2,3);(8,2,3);(9,0,3);(10,0,3);(11,0,1);(12,0,1);(13,0,3);(14,0,3);(15,0,3);(16,0,3);(17,0,2);(18,0,2);(19,0,2);(20,0,3);(21,0,3);(22,0,3);(23,0,1);(24,1,1);(25,2,3);(26,0,3);(27,0,3);(28,0,3);(29,0,2);(30,0,3);(31,0,3);(32,0,1);(33,0,1);(34,0,1);(35,0,3);(36,0,3);(37,0,3);(38,0,3);(39,0,3);(40,0,3);(41,0,3);(42,0,3);(43,1,1);(44,0,1);(45,0,1);(46,1,3);(47,0,3);(48,0,3);(49,0,1);(50,1,3);(51,1,3);(52,0,3);(53,0,1);(54,0,1);(55,0,1);(56,1,3);(5230,0,3);(5250,0,3)" />
      </BuildInfo>
      <BonusGroupInfos>
        <BonusGroupInfo isAlways="False" probability="50" isSingleton="False">
          <BonusInfo bonusType="UnlockCardByLevelNum" levelNum="3" />
        </BonusGroupInfo>
        <BonusGroupInfo isAlways="False" probability="30" isSingleton="True">
          <BonusInfo bonusType="UnlockCardByID" cardID="46" />
        </BonusGroupInfo>
        <BonusGroupInfo isAlways="True">
          <BonusInfo bonusType="BudgetLifeEnergyMixed" value="400" />
        </BonusGroupInfo>
        <BonusGroupInfo isAlways="False" probability="30" isSingleton="True">
          <BonusInfo bonusType="UnlockCardByID" cardID="55" />
        </BonusGroupInfo>
      </BonusGroupInfos>
      <CardPriority PriorityCardIDList="43,56,46,51" />
      <CardComboList>
        <CardCombo ComboCardIDList="43,51" />
      </CardComboList>
    </EnemyInfo>
  </LevelInfo>
  <LevelInfo name_en="DoooomFist" name_zh="铁拳拳拳拳" picID="94" levelType="Enemy" difficultyLevel="3">
    <EnemyInfo enemyType="Soldier">
      <BuildInfo>
        <Info name="baseInfo" BuildName="TempDeck" DrawCardNum="2" Life="35" Energy="8" BeginMetal="5" />
        <Info name="cardIDs"
              ids="(-2,0,1);(0,0,3);(1,0,1);(2,0,2);(3,0,1);(4,0,1);(5,0,2);(6,0,3);(7,0,3);(8,2,3);(9,1,3);(10,0,3);(11,0,1);(12,0,1);(13,1,3);(14,0,3);(15,1,3);(16,0,3);(17,0,2);(18,0,2);(19,0,2);(20,0,3);(21,0,3);(22,3,3);(23,0,1);(24,0,1);(25,0,3);(26,0,3);(27,0,3);(28,0,3);(29,0,2);(30,0,3);(31,0,3);(32,0,1);(33,0,1);(34,0,1);(35,0,3);(36,0,3);(37,0,3);(38,0,3);(39,0,3);(40,0,3);(41,0,3);(42,0,3);(43,0,1);(44,0,1);(45,1,1);(46,0,3);(47,0,3);(48,0,3);(49,0,1);(50,1,3);(51,0,3);(52,0,3);(53,0,1);(54,0,1);(55,0,1);(56,0,3);(5230,0,3);(5250,0,3)" />
      </BuildInfo>
      <BonusGroupInfos>
        <BonusGroupInfo isAlways="False" probability="20" isSingleton="False">
          <BonusInfo bonusType="UnlockCardByLevelNum" levelNum="2" />
        </BonusGroupInfo>
        <BonusGroupInfo isAlways="False" probability="50" isSingleton="False">
          <BonusInfo bonusType="UnlockCardByLevelNum" levelNum="3" />
        </BonusGroupInfo>
        <BonusGroupInfo isAlways="True">
          <BonusInfo bonusType="BudgetLifeEnergyMixed" value="300" />
        </BonusGroupInfo>
        <BonusGroupInfo isAlways="False" probability="30" isSingleton="True">
          <BonusInfo bonusType="UnlockCardByID" cardID="53" />
        </BonusGroupInfo>
      </BonusGroupInfos>
      <CardPriority PriorityCardIDList="45,22" />
      <CardComboList>
        <CardCombo ComboCardIDList="45,26,15" />
      </CardComboList>
    </EnemyInfo>
  </LevelInfo>
</AllEnemies>