﻿<?xml version="1.0" encoding="utf-8"?>

<AllColors>
  <Color name="SoldierCardColor" color="#505050" intensity="1.7"></Color>
  <Color name="HeroCardColor" color="#00E0FF" intensity="1.3"></Color>
  <Color name="EnergyCardColor" color="#3686FF" intensity="1.5"></Color>
  <Color name="SpellCardColor" color="#9346DA" intensity="1.3"></Color>
  <Color name="WeaponCardColor" color="#FF0000" intensity="1.5"></Color>
  <Color name="ShieldCardColor" color="#FFD500" intensity="1.5"></Color>
  <Color name="PackCardColor" color="#6151ED" intensity="1.5"></Color>
  <Color name="MACardColor" color="#8EE3B3" intensity="1.5"></Color>

  <Color name="CardHighLightColor" color="#FFFF00" intensity="1"></Color>
  <Color name="CardImportantColor" color="#70DFFF" intensity="1"></Color>
  <Color name="CardDescTextColor" color="#FFFFFF" intensity="1"></Color>

  <Color name="StoryLevelColor1" color="#A54BFF" intensity="1"></Color>
  <Color name="StoryLevelColor2" color="#333333" intensity="1"></Color>
  <Color name="StoryLevelColor3" color="#13FF00" intensity="1"></Color>
  <Color name="StoryLevelColor4" color="#E81F3E" intensity="1"></Color>
  <Color name="StoryLevelColor5" color="#B1D500" intensity="1"></Color>
  <Color name="StoryLevelColor6" color="#BC7300" intensity="1"></Color>
  <Color name="StoryLevelColor7" color="#A60086" intensity="1"></Color>

  <Color name="CardBloomColor" color="#0E67BF" intensity="2"></Color>
  <Color name="CardUsableBloomColor" color="#14FF00" intensity="2"></Color>
  <Color name="MechBloomColor" color="#06FF00" intensity="1"></Color>
  <Color name="MechOnEnemyHoverBloomColor" color="#FF0000" intensity="1"></Color>
  <Color name="MechOnSelfHoverBloomColor" color="#DA00FF" intensity="1"></Color>

  <Color name="DefaultLifeNumberColor" color="#FFFFFF" intensity="1"></Color>
  <Color name="InjuredLifeNumberColor" color="#E2FF00" intensity="1"></Color>
  <Color name="OverFlowTotalLifeColor" color="#00FF28" intensity="1"></Color>

  <Color name="BuildButtonEditColor" color="#FF4B00" intensity="1"></Color>
  <Color name="BuildButtonDefaultColor" color="#858585" intensity="1"></Color>

  <Color name="SelfMetalBarColor" color="#9E00FF" intensity="1"></Color>
  <Color name="EnemyMetalBarColor" color="#9E00FF" intensity="1"></Color>
  <Color name="SelfCardDeckCardColor" color="#69B1FF" intensity="1"></Color>
  <Color name="EnemyCardDeckCardColor" color="#FF6C6F" intensity="1"></Color>
  <Color name="LifeIconColor" color="#A22A2E" intensity="1"></Color>
  <Color name="MetalIconColor" color="#8335FF" intensity="1"></Color>
  <Color name="EnergyIconColor" color="#007AFF" intensity="1"></Color>
</AllColors>