﻿<?xml version="1.0" encoding="utf-8"?>

<AllBuffs>
  <Buff name="AddEnergyWhenAttack" desc="{0}回合内，每当我方机甲进攻时，获得{1}点能量" desc_en="Within {0} turns, gain {1} energy when your Mechs attack. " BuffPicId="615" BuffColor="#32EEFF" HasNumberShow="True" CanPiled="True" Singleton="True" PiledBy="Value" TriggerTime="OnRetinueAttack" TriggerRange="SelfPlayer"
        TriggerDelayTimes="0" TriggerTimes="99999" RemoveTriggerTime="OnEndRound" RemoveTriggerRange="SelfPlayer" RemoveTriggerTimes="1">
    <SideEffect name="AddEnergy" IsNeedChoise="False" M_TargetRange="SelfShip" Value="1"></SideEffect>
  </Buff>
  <Buff name="DamageEnemyShipWhenAttack" desc="{0}回合内，每当我方机甲进攻时，对敌舰造成{1}点伤害" desc_en="Within {0} turns, deal {1} damage to Enemy's ship when your Mechs attack. " BuffPicId="635" BuffColor="#FF00A4" HasNumberShow="True" CanPiled="True" Singleton="True" PiledBy="Value" TriggerTime="OnRetinueAttack"
        TriggerRange="SelfPlayer" TriggerDelayTimes="0" TriggerTimes="99999" RemoveTriggerTime="OnEndRound" RemoveTriggerRange="SelfPlayer" RemoveTriggerTimes="1">
    <SideEffect name="DamageOne" IsNeedChoise="False" M_TargetRange="EnemyShip" Value="1"></SideEffect>
  </Buff>
  <Buff name="NextSpellDamageDouble" desc="下一次造成的法术伤害加倍" desc_en="Double next spell damage. " BuffPicId="617" BuffColor="#FF4E00" HasNumberShow="False" CanPiled="False" Singleton="True" PiledBy="Value" TriggerTime="OnTrigger" TriggerRange="SelfPlayer" TriggerDelayTimes="0" TriggerTimes="1"
        RemoveTriggerTime="None" RemoveTriggerRange="None" RemoveTriggerTimes="99999">
    <SideEffect name="SpellDamageDouble"></SideEffect>
  </Buff>
  <Buff name="AddEnergyWhenUseMetal" desc="本次战斗中，每消耗一点金属，获得{0}点能量" desc_en="In this battle, add {0} energy every time you consume 1 metal. " BuffPicId="709" BuffColor="#32EEFF" HasNumberShow="False" CanPiled="False" Singleton="False" PiledBy="Value" TriggerTime="OnUseMetal"
        TriggerRange="SelfPlayer" TriggerDelayTimes="0" TriggerTimes="99999" RemoveTriggerTime="None" RemoveTriggerRange="None" RemoveTriggerTimes="99999">
    <SideEffect name="AddEnergy" IsNeedChoise="False" M_TargetRange="SelfShip" Value="1"></SideEffect>
  </Buff>
  <Buff name="AddEnergyWhenRoundBegin" desc="回合开始时，获得{1}点能量，持续{0}回合" desc_en="Get {1} energy when your round start, which lasts {0} rounds. " BuffPicId="710" BuffColor="#32EEFF" HasNumberShow="True" CanPiled="False" Singleton="True" PiledBy="Value" TriggerTime="OnBeginRound"
        TriggerRange="SelfPlayer" TriggerDelayTimes="0" TriggerTimes="99999" RemoveTriggerTime="OnBeginRound" RemoveTriggerRange="SelfPlayer" RemoveTriggerTimes="99999">
    <SideEffect name="AddEnergy" IsNeedChoise="False" M_TargetRange="SelfShip" Value="4"></SideEffect>
  </Buff>
  <Buff name="DamageEnemyShipWhenUseCards" desc="本回合内，我方每使用一张牌，对敌舰造成{0}点伤害，持续{1}回合" desc_en="Deal {0} damage to Enemy's ship when you use a card, which lasts {1} rounds. " BuffPicId="712" BuffColor="#FF9300" HasNumberShow="True" CanPiled="False" Singleton="False" PiledBy="RemoveTriggerTimes"
        TriggerTime="OnPlayCard" TriggerRange="SelfPlayer" TriggerDelayTimes="0" TriggerTimes="99999" RemoveTriggerTime="OnEndRound" RemoveTriggerRange="SelfPlayer" RemoveTriggerTimes="3">
    <SideEffect name="DamageOne" IsNeedChoise="False" M_TargetRange="EnemyShip" Value="1"></SideEffect>
  </Buff>

</AllBuffs>