﻿<?xml version="1.0" encoding="utf-8"?>

<AllCards>
  <Card id="999">
    <CardInfo name="baseInfo" pictureID="999" cardName="空牌" cardName_en="Empty" cardDesc="" isTemp="False" hide="False" metal="0" energy="0" coin="0" effectFactor="1" limitNum="3" cardRareLevel="9" cardType="Retinue" />
    <CardInfo name="retinueInfo" isSoldier="False" isDefence="False" isSniper="False" isCharger="False" isFrenzy="False" slot1="None" slot2="None" slot3="None" slot4="None" />
    <CardInfo name="upgradeInfo" upgradeCardID="-1" degradeCardID="-1" cardLevel="0" />
    <CardInfo name="lifeInfo" life="0" totalLife="0" />
    <CardInfo name="battleInfo" basicAttack="0" basicShield="0" basicArmor="0" />
  </Card>

  <Card id="0">
    <CardInfo name="baseInfo" pictureID="0" cardName="G-Custom" cardName_en="G-Custom" cardDesc="" isTemp="False" hide="False" metal="6" energy="0" coin="400" effectFactor="1" limitNum="1" cardRareLevel="6" cardType="Retinue" />
    <CardInfo name="retinueInfo" isSoldier="False" isDefence="False" isSniper="False" isCharger="False" isFrenzy="False" slot1="Weapon" slot2="None" slot3="Pack" slot4="MA" />
    <CardInfo name="upgradeInfo" upgradeCardID="-1" degradeCardID="-1" cardLevel="0" />
    <CardInfo name="lifeInfo" life="12" totalLife="12" />
    <CardInfo name="battleInfo" basicAttack="1" basicShield="0" basicArmor="0" />
    <CardInfo name="sideEffectsBundle_OnBattleGround" triggerTime="OnRetinueDie" triggerRange="Self" triggerDelayTimes="0" triggerTimes="1" removeTriggerTime="None" removeTriggerRange="None" removeTriggerTimes="1">
      <SideEffect name="KillAll" IsNeedChoise="False" M_TargetRange="EnemySoldiers"></SideEffect>
    </CardInfo>
  </Card>
  <Card id="100">
    <CardInfo name="baseInfo" pictureID="1" cardName="强袭" cardName_en="Strike" cardDesc="" isTemp="False" hide="False" metal="2" energy="0" coin="200" effectFactor="1" limitNum="1" cardRareLevel="1" cardType="Retinue" />
    <CardInfo name="retinueInfo" isSoldier="False" isDefence="False" isSniper="False" isCharger="False" isFrenzy="False" slot1="Weapon" slot2="Shield" slot3="Pack" slot4="None" />
    <CardInfo name="upgradeInfo" upgradeCardID="1600" degradeCardID="-1" cardLevel="1" />
    <CardInfo name="lifeInfo" life="5" totalLife="5" />
    <CardInfo name="battleInfo" basicAttack="0" basicShield="0" basicArmor="0" />
    <CardInfo name="sideEffectsBundle_OnBattleGround" triggerTime="OnRetinueDie" triggerRange="Self" triggerDelayTimes="0" triggerTimes="1" removeTriggerTime="None" removeTriggerRange="None" removeTriggerTimes="1">
      <SideEffect name="DrawCards" Value="2"></SideEffect>
    </CardInfo>
  </Card>
  <Card id="1600">
    <CardInfo name="baseInfo" pictureID="16" cardName="重装强袭" cardName_en="FA Strike" cardDesc="" isTemp="False" hide="False" metal="6" energy="0" coin="400" effectFactor="1" limitNum="1" cardRareLevel="4" cardType="Retinue" />
    <CardInfo name="retinueInfo" isSoldier="False" isDefence="True" isSniper="False" isCharger="False" isFrenzy="False" slot1="Weapon" slot2="Shield" slot3="Pack" slot4="None" />
    <CardInfo name="upgradeInfo" upgradeCardID="-1" degradeCardID="100" cardLevel="2" />
    <CardInfo name="lifeInfo" life="8" totalLife="8" />
    <CardInfo name="battleInfo" basicAttack="1" basicShield="0" basicArmor="6" />
    <CardInfo name="sideEffectsBundle_OnBattleGround" triggerTime="OnRetinueDie" triggerRange="Self" triggerDelayTimes="0" triggerTimes="1" removeTriggerTime="None" removeTriggerRange="None" removeTriggerTimes="1">
      <SideEffect name="DrawCards" Value="2"></SideEffect>
    </CardInfo>
  </Card>
  <Card id="200">
    <CardInfo name="baseInfo" pictureID="2" cardName="元祖高达" cardName_en="RX-782" cardDesc="" isTemp="False" hide="False" metal="5" energy="0" coin="350" effectFactor="1" limitNum="1" cardRareLevel="5" cardType="Retinue" />
    <CardInfo name="retinueInfo" isSoldier="False" isDefence="False" isSniper="False" isCharger="False" isFrenzy="False" slot1="Weapon" slot2="Shield" slot3="Pack" slot4="None" />
    <CardInfo name="upgradeInfo" upgradeCardID="-1" degradeCardID="-1" cardLevel="0" />
    <CardInfo name="lifeInfo" life="8" totalLife="8" />
    <CardInfo name="battleInfo" basicAttack="1" basicShield="0" basicArmor="0" />
    <CardInfo name="sideEffectsBundle_OnBattleGround" triggerTime="OnRetinueSummon" triggerRange="Self" triggerDelayTimes="0" triggerTimes="1" removeTriggerTime="None" removeTriggerRange="None" removeTriggerTimes="1">
      <SideEffect name="DamageRandom" IsNeedChoise="False" M_TargetRange="EnemyMechs" Value="4"></SideEffect>
    </CardInfo>
  </Card>
  <Card id="300">
    <CardInfo name="baseInfo" pictureID="3" cardName="神秘人" cardName_en="Mistery" cardDesc="" isTemp="False" hide="False" metal="9" energy="0" coin="700" effectFactor="1" limitNum="1" cardRareLevel="6" cardType="Retinue" />
    <CardInfo name="retinueInfo" isSoldier="False" isDefence="True" isSniper="False" isCharger="False" isFrenzy="False" slot1="Weapon" slot2="Shield" slot3="Pack" slot4="MA" />
    <CardInfo name="upgradeInfo" upgradeCardID="-1" degradeCardID="-1" cardLevel="0" />
    <CardInfo name="lifeInfo" life="18" totalLife="18" />
    <CardInfo name="battleInfo" basicAttack="2" basicShield="1" basicArmor="2" />
    <CardInfo name="sideEffectsBundle_OnBattleGround" triggerTime="OnRetinueSummon" triggerRange="EnemyPlayer" triggerDelayTimes="0" triggerTimes="99999" removeTriggerTime="None" removeTriggerRange="None" removeTriggerTimes="1">
      <SideEffect name="DamageRandom" IsNeedChoise="False" M_TargetRange="EnemyMechs" Value="2"></SideEffect>
    </CardInfo>
  </Card>
  <Card id="400">
    <CardInfo name="baseInfo" pictureID="4" cardName="恶魔高达" cardName_en="Evil Gundam" cardDesc="" isTemp="False" hide="False" metal="3" energy="0" coin="250" effectFactor="1" limitNum="1" cardRareLevel="2" cardType="Retinue" />
    <CardInfo name="retinueInfo" isSoldier="False" isDefence="False" isSniper="False" isCharger="False" isFrenzy="False" slot1="Weapon" slot2="None" slot3="Pack" slot4="None" />
    <CardInfo name="upgradeInfo" upgradeCardID="-1" degradeCardID="-1" cardLevel="0" />
    <CardInfo name="lifeInfo" life="6" totalLife="6" />
    <CardInfo name="battleInfo" basicAttack="1" basicShield="0" basicArmor="0" />
    <CardInfo name="sideEffectsBundle_OnBattleGround" triggerTime="OnRetinueAttack" triggerRange="Self" triggerDelayTimes="0" triggerTimes="99999" removeTriggerTime="None" removeTriggerRange="None" removeTriggerTimes="1">
      <SideEffect name="HealOne" IsNeedChoise="False" M_TargetRange="Self" Value="2"></SideEffect>
    </CardInfo>
  </Card>
  <Card id="500">
    <CardInfo name="baseInfo" pictureID="5" cardName="独角兽高达" cardName_en="Unicorn" cardDesc="" isTemp="False" hide="False" metal="7" energy="0" coin="500" effectFactor="1" limitNum="1" cardRareLevel="7" cardType="Retinue" />
    <CardInfo name="retinueInfo" isSoldier="False" isDefence="False" isSniper="False" isCharger="False" isFrenzy="False" slot1="Weapon" slot2="Shield" slot3="None" slot4="None" />
    <CardInfo name="upgradeInfo" upgradeCardID="1000" degradeCardID="-1" cardLevel="1" />
    <CardInfo name="lifeInfo" life="7" totalLife="7" />
    <CardInfo name="battleInfo" basicAttack="1" basicShield="0" basicArmor="1" />
    <CardInfo name="sideEffectsBundle_OnBattleGround" triggerTime="OnRetinueDie" triggerRange="Self" triggerDelayTimes="0" triggerTimes="1" removeTriggerTime="None" removeTriggerRange="None" removeTriggerTimes="1">
      <SideEffect name="SummonRetinue" SummonRetinueID="501"></SideEffect>
    </CardInfo>
  </Card>
  <Card id="1000">
    <CardInfo name="baseInfo" pictureID="10" cardName="全装甲独角兽" cardName_en="FA Unicorn" cardDesc="" isTemp="False" hide="False" metal="8" energy="0" coin="700" effectFactor="1" limitNum="0" cardRareLevel="9" cardType="Retinue" />
    <CardInfo name="retinueInfo" isSoldier="False" isDefence="True" isSniper="False" isCharger="False" isFrenzy="False" slot1="Weapon" slot2="Shield" slot3="Pack" slot4="MA" />
    <CardInfo name="upgradeInfo" upgradeCardID="-1" degradeCardID="500" cardLevel="2" />
    <CardInfo name="lifeInfo" life="16" totalLife="16" />
    <CardInfo name="battleInfo" basicAttack="3" basicShield="2" basicArmor="2" />
  </Card>
  <Card id="501">
    <CardInfo name="baseInfo" pictureID="8" cardName="独角兽高达[H]" cardName_en="Unicorn[H]" cardDesc="" isTemp="True" hide="True" metal="7" energy="0" coin="0" effectFactor="1" limitNum="1" cardRareLevel="7" cardType="Retinue" />
    <CardInfo name="retinueInfo" isSoldier="False" isDefence="False" isSniper="False" isCharger="False" isFrenzy="False" slot1="Weapon" slot2="None" slot3="Pack" slot4="None" />
    <CardInfo name="upgradeInfo" upgradeCardID="-1" degradeCardID="-1" cardLevel="1" />
    <CardInfo name="lifeInfo" life="7" totalLife="7" />
    <CardInfo name="battleInfo" basicAttack="1" basicShield="2" basicArmor="2" />
  </Card>
  <Card id="600">
    <CardInfo name="baseInfo" pictureID="6" cardName="新安洲" cardName_en="New Zeon" cardDesc="" isTemp="False" hide="False" metal="6" energy="0" coin="250" effectFactor="1" limitNum="1" cardRareLevel="4" cardType="Retinue" />
    <CardInfo name="retinueInfo" isSoldier="False" isDefence="False" isSniper="False" isCharger="False" isFrenzy="False" slot1="Weapon" slot2="None" slot3="Pack" slot4="None" />
    <CardInfo name="upgradeInfo" upgradeCardID="-1" degradeCardID="-1" cardLevel="0" />
    <CardInfo name="lifeInfo" life="12" totalLife="12" />
    <CardInfo name="battleInfo" basicAttack="2" basicShield="1" basicArmor="1" />
  </Card>
  <Card id="700">
    <CardInfo name="baseInfo" pictureID="7" cardName="强袭自由" cardName_en="Strike Freedom" cardDesc="" isTemp="False" hide="False" metal="8" energy="0" coin="400" effectFactor="1" limitNum="1" cardRareLevel="8" cardType="Retinue" />
    <CardInfo name="retinueInfo" isSoldier="False" isDefence="False" isSniper="False" isCharger="False" isFrenzy="False" slot1="Weapon" slot2="Shield" slot3="Pack" slot4="MA" />
    <CardInfo name="upgradeInfo" upgradeCardID="-1" degradeCardID="-1" cardLevel="0" />
    <CardInfo name="lifeInfo" life="16" totalLife="16" />
    <CardInfo name="battleInfo" basicAttack="3" basicShield="2" basicArmor="0" />
  </Card>
  <Card id="900">
    <CardInfo name="baseInfo" pictureID="9" cardName="水翼" cardName_en="Water Swing" cardDesc="" isTemp="False" hide="False" metal="0" energy="12" coin="200" effectFactor="1" limitNum="1" cardRareLevel="2" cardType="Retinue" />
    <CardInfo name="retinueInfo" isSoldier="False" isDefence="False" isSniper="False" isCharger="False" isFrenzy="False" slot1="Weapon" slot2="None" slot3="None" slot4="None" />
    <CardInfo name="upgradeInfo" upgradeCardID="-1" degradeCardID="-1" cardLevel="0" />
    <CardInfo name="lifeInfo" life="8" totalLife="8" />
    <CardInfo name="battleInfo" basicAttack="2" basicShield="1" basicArmor="4" />
  </Card>
  <Card id="1100">
    <CardInfo name="baseInfo" pictureID="11" cardName="能天使高达" cardName_en="Gundam Exia" cardDesc="" isTemp="False" hide="False" metal="5" energy="5" coin="250" effectFactor="1" limitNum="1" cardRareLevel="4" cardType="Retinue" />
    <CardInfo name="retinueInfo" isSoldier="False" isDefence="False" isSniper="False" isCharger="False" isFrenzy="False" slot1="Weapon" slot2="None" slot3="None" slot4="None" />
    <CardInfo name="upgradeInfo" upgradeCardID="2000" degradeCardID="-1" cardLevel="1" />
    <CardInfo name="lifeInfo" life="8" totalLife="8" />
    <CardInfo name="battleInfo" basicAttack="3" basicShield="0" basicArmor="0" />
    <CardInfo name="sideEffectsBundle_OnBattleGround" triggerTime="OnRetinueKill" triggerRange="Self" triggerDelayTimes="0" triggerTimes="99999" removeTriggerTime="None" removeTriggerRange="None" removeTriggerTimes="1">
      <SideEffect name="AddAttackOne" IsNeedChoise="False" M_TargetRange="Self" Value="1"></SideEffect>
    </CardInfo>
  </Card>
  <Card id="2000">
    <CardInfo name="baseInfo" pictureID="20" cardName="能天使高达X" cardName_en="Gundam Exia X" cardDesc="" isTemp="False" hide="False" metal="5" energy="5" coin="300" effectFactor="1" limitNum="0" cardRareLevel="7" cardType="Retinue" />
    <CardInfo name="retinueInfo" isSoldier="False" isDefence="False" isSniper="False" isCharger="False" isFrenzy="False" slot1="Weapon" slot2="Shield" slot3="None" slot4="None" />
    <CardInfo name="upgradeInfo" upgradeCardID="-1" degradeCardID="1100" cardLevel="2" />
    <CardInfo name="lifeInfo" life="8" totalLife="8" />
    <CardInfo name="battleInfo" basicAttack="3" basicShield="0" basicArmor="2" />
    <CardInfo name="sideEffectsBundle_OnBattleGround" triggerTime="OnRetinueKill" triggerRange="Self" triggerDelayTimes="0" triggerTimes="99999" removeTriggerTime="None" removeTriggerRange="None" removeTriggerTimes="1">
      <SideEffect name="AddAttackOne" IsNeedChoise="False" M_TargetRange="Self" Value="1"></SideEffect>
    </CardInfo>
  </Card>
  <Card id="1200">
    <CardInfo name="baseInfo" pictureID="12" cardName="力天使高达" cardName_en="Gundam Dynames" cardDesc="" isTemp="False" hide="False" metal="4" energy="5" coin="250" effectFactor="1" limitNum="1" cardRareLevel="4" cardType="Retinue" />
    <CardInfo name="retinueInfo" isSoldier="False" isDefence="False" isSniper="True" isCharger="False" isFrenzy="False" slot1="Weapon" slot2="None" slot3="None" slot4="None" />
    <CardInfo name="upgradeInfo" upgradeCardID="2200" degradeCardID="-1" cardLevel="1" />
    <CardInfo name="lifeInfo" life="5" totalLife="5" />
    <CardInfo name="battleInfo" basicAttack="0" basicShield="3" basicArmor="2" />
  </Card>
  <Card id="2200">
    <CardInfo name="baseInfo" pictureID="22" cardName="力天使高达X" cardName_en="Gundam Dynames X" cardDesc="" isTemp="False" hide="False" metal="4" energy="5" coin="300" effectFactor="1" limitNum="0" cardRareLevel="7" cardType="Retinue" />
    <CardInfo name="retinueInfo" isSoldier="False" isDefence="False" isSniper="True" isCharger="False" isFrenzy="False" slot1="Weapon" slot2="None" slot3="Pack" slot4="None" />
    <CardInfo name="upgradeInfo" upgradeCardID="-1" degradeCardID="1200" cardLevel="2" />
    <CardInfo name="lifeInfo" life="5" totalLife="5" />
    <CardInfo name="battleInfo" basicAttack="0" basicShield="3" basicArmor="2" />
  </Card>
  <Card id="1300">
    <CardInfo name="baseInfo" pictureID="13" cardName="德天使高达" cardName_en="Gundam Virtue" cardDesc="" isTemp="False" hide="False" metal="4" energy="5" coin="250" effectFactor="1" limitNum="1" cardRareLevel="4" cardType="Retinue" />
    <CardInfo name="retinueInfo" isSoldier="False" isDefence="True" isSniper="False" isCharger="False" isFrenzy="False" slot1="Weapon" slot2="None" slot3="None" slot4="None" />
    <CardInfo name="upgradeInfo" upgradeCardID="1800" degradeCardID="-1" cardLevel="1" />
    <CardInfo name="lifeInfo" life="4" totalLife="4" />
    <CardInfo name="battleInfo" basicAttack="0" basicShield="3" basicArmor="4" />
  </Card>
  <Card id="1800">
    <CardInfo name="baseInfo" pictureID="18" cardName="德天使高达X" cardName_en="Gundam Virtue X" cardDesc="" isTemp="False" hide="False" metal="4" energy="5" coin="300" effectFactor="1" limitNum="0" cardRareLevel="7" cardType="Retinue" />
    <CardInfo name="retinueInfo" isSoldier="False" isDefence="True" isSniper="False" isCharger="False" isFrenzy="False" slot1="Weapon" slot2="Shield" slot3="None" slot4="None" />
    <CardInfo name="upgradeInfo" upgradeCardID="-1" degradeCardID="1300" cardLevel="2" />
    <CardInfo name="lifeInfo" life="4" totalLife="4" />
    <CardInfo name="battleInfo" basicAttack="0" basicShield="3" basicArmor="4" />
  </Card>
  <Card id="1400">
    <CardInfo name="baseInfo" pictureID="14" cardName="主天使高达" cardName_en="Gundam Kyrios" cardDesc="" isTemp="False" hide="False" metal="4" energy="5" coin="250" effectFactor="1" limitNum="1" cardRareLevel="4" cardType="Retinue" />
    <CardInfo name="retinueInfo" isSoldier="False" isDefence="False" isSniper="False" isCharger="False" isFrenzy="False" slot1="Weapon" slot2="None" slot3="Pack" slot4="None" />
    <CardInfo name="upgradeInfo" upgradeCardID="1500" degradeCardID="-1" cardLevel="1" />
    <CardInfo name="lifeInfo" life="6" totalLife="6" />
    <CardInfo name="battleInfo" basicAttack="2" basicShield="1" basicArmor="0" />
    <CardInfo name="sideEffectsBundle_OnBattleGround" triggerTime="OnRetinueKill" triggerRange="Self" triggerDelayTimes="0" triggerTimes="1" removeTriggerTime="None" removeTriggerRange="None" removeTriggerTimes="1">
      <SideEffect name="AddSelfWeaponEnergy" Value="2"></SideEffect>
    </CardInfo>
  </Card>
  <Card id="1500">
    <CardInfo name="baseInfo" pictureID="15" cardName="主天使高达X" cardName_en="Gundam Kyrios X" cardDesc="" isTemp="False" hide="False" metal="4" energy="5" coin="300" effectFactor="1" limitNum="0" cardRareLevel="7" cardType="Retinue" />
    <CardInfo name="retinueInfo" isSoldier="False" isDefence="False" isSniper="False" isCharger="False" isFrenzy="False" slot1="Weapon" slot2="None" slot3="Pack" slot4="None" />
    <CardInfo name="upgradeInfo" upgradeCardID="-1" degradeCardID="1400" cardLevel="2" />
    <CardInfo name="lifeInfo" life="6" totalLife="6" />
    <CardInfo name="battleInfo" basicAttack="4" basicShield="2" basicArmor="1" />
    <CardInfo name="sideEffectsBundle_OnBattleGround" triggerTime="OnRetinueKill" triggerRange="Self" triggerDelayTimes="0" triggerTimes="1" removeTriggerTime="None" removeTriggerRange="None" removeTriggerTimes="1">
      <SideEffect name="AddSelfWeaponEnergy" Value="1"></SideEffect>
    </CardInfo>
  </Card>
  <Card id="1700">
    <CardInfo name="baseInfo" pictureID="17" cardName="神高达" cardName_en="God Gundam" cardDesc="" isTemp="False" hide="False" metal="4" energy="15" coin="400" effectFactor="1" limitNum="1" cardRareLevel="5" cardType="Retinue" />
    <CardInfo name="retinueInfo" isSoldier="False" isDefence="True" isSniper="False" isCharger="False" isFrenzy="False" slot1="Weapon" slot2="Shield" slot3="None" slot4="None" />
    <CardInfo name="upgradeInfo" upgradeCardID="-1" degradeCardID="-1" cardLevel="0" />
    <CardInfo name="lifeInfo" life="3" totalLife="3" />
    <CardInfo name="battleInfo" basicAttack="0" basicShield="6" basicArmor="0" />
  </Card>

  <Card id="5101">
    <CardInfo name="baseInfo" pictureID="51" cardName="支援小队" cardName_en="Repair Team X" cardDesc="" isTemp="False" hide="False" metal="1" energy="0" coin="50" effectFactor="1" limitNum="2" cardRareLevel="0" cardType="Retinue" />
    <CardInfo name="retinueInfo" isSoldier="True" isDefence="False" isSniper="False" isCharger="False" isFrenzy="False" slot1="None" slot2="None" slot3="None" slot4="None" />
    <CardInfo name="upgradeInfo" upgradeCardID="5102" degradeCardID="-1" cardLevel="1" />
    <CardInfo name="lifeInfo" life="1" totalLife="1" />
    <CardInfo name="battleInfo" basicAttack="0" basicShield="0" basicArmor="0" />
    <CardInfo name="sideEffectsBundle_OnBattleGround" triggerTime="OnRetinueSummon" triggerRange="Self" triggerDelayTimes="0" triggerTimes="1" removeTriggerTime="None" removeTriggerRange="None" removeTriggerTimes="1">
      <SideEffect name="AddLifeOne" IsNeedChoise="True" M_TargetRange="SelfMechs" Value="2"></SideEffect>
    </CardInfo>
  </Card>
  <Card id="5102">
    <CardInfo name="baseInfo" pictureID="52" cardName="支援中队" cardName_en="Repair Team XX" cardDesc="" isTemp="False" hide="False" metal="2" energy="0" coin="100" effectFactor="1" limitNum="0" cardRareLevel="2" cardType="Retinue" />
    <CardInfo name="retinueInfo" isSoldier="True" isDefence="False" isSniper="False" isCharger="False" isFrenzy="False" slot1="None" slot2="None" slot3="None" slot4="None" />
    <CardInfo name="upgradeInfo" upgradeCardID="5103" degradeCardID="5101" cardLevel="2" />
    <CardInfo name="lifeInfo" life="2" totalLife="2" />
    <CardInfo name="battleInfo" basicAttack="2" basicShield="0" basicArmor="0" />
    <CardInfo name="sideEffectsBundle_OnBattleGround" triggerTime="OnRetinueSummon" triggerRange="Self" triggerDelayTimes="0" triggerTimes="1" removeTriggerTime="None" removeTriggerRange="None" removeTriggerTimes="1">
      <SideEffect name="AddLifeOne" IsNeedChoise="True" M_TargetRange="SelfMechs" Value="3"></SideEffect>
    </CardInfo>
  </Card>
  <Card id="5103">
    <CardInfo name="baseInfo" pictureID="61" cardName="支援大队" cardName_en="Repair Team XXX" cardDesc="" isTemp="False" hide="False" metal="2" energy="0" coin="150" effectFactor="1" limitNum="0" cardRareLevel="4" cardType="Retinue" />
    <CardInfo name="retinueInfo" isSoldier="True" isDefence="False" isSniper="False" isCharger="False" isFrenzy="False" slot1="None" slot2="None" slot3="None" slot4="None" />
    <CardInfo name="upgradeInfo" upgradeCardID="-1" degradeCardID="5102" cardLevel="3" />
    <CardInfo name="lifeInfo" life="3" totalLife="3" />
    <CardInfo name="battleInfo" basicAttack="3" basicShield="0" basicArmor="0" />
    <CardInfo name="sideEffectsBundle_OnBattleGround" triggerTime="OnRetinueSummon" triggerRange="Self" triggerDelayTimes="0" triggerTimes="1" removeTriggerTime="None" removeTriggerRange="None" removeTriggerTimes="1">
      <SideEffect name="AddLifeOne" IsNeedChoise="True" M_TargetRange="SelfMechs" Value="4"></SideEffect>
    </CardInfo>
  </Card>
  <Card id="5301">
    <CardInfo name="baseInfo" pictureID="53" cardName="太空机雷I" cardName_en="Mech Mine I" cardDesc="" isTemp="False" hide="False" metal="2" energy="0" coin="50" effectFactor="1" limitNum="2" cardRareLevel="0" cardType="Retinue" />
    <CardInfo name="retinueInfo" isSoldier="True" isDefence="False" isSniper="False" isCharger="False" isFrenzy="False" slot1="None" slot2="None" slot3="None" slot4="None" />
    <CardInfo name="upgradeInfo" upgradeCardID="5302" degradeCardID="-1" cardLevel="1" />
    <CardInfo name="lifeInfo" life="1" totalLife="1" />
    <CardInfo name="battleInfo" basicAttack="0" basicShield="0" basicArmor="0" />
    <CardInfo name="sideEffectsBundle_OnBattleGround" triggerTime="OnRetinueDie" triggerRange="Self" triggerDelayTimes="0" triggerTimes="1" removeTriggerTime="None" removeTriggerRange="None" removeTriggerTimes="1">
      <SideEffect name="DamageRandom" IsNeedChoise="False" M_TargetRange="EnemyMechs" Value="5"></SideEffect>
    </CardInfo>
  </Card>
  <Card id="5302">
    <CardInfo name="baseInfo" pictureID="53" cardName="太空机雷II" cardName_en="Mech Mine II" cardDesc="" isTemp="False" hide="False" metal="1" energy="0" coin="100" effectFactor="1" limitNum="0" cardRareLevel="0" cardType="Retinue" />
    <CardInfo name="retinueInfo" isSoldier="True" isDefence="False" isSniper="False" isCharger="False" isFrenzy="False" slot1="None" slot2="None" slot3="None" slot4="None" />
    <CardInfo name="upgradeInfo" upgradeCardID="-1" degradeCardID="5301" cardLevel="2" />
    <CardInfo name="lifeInfo" life="1" totalLife="1" />
    <CardInfo name="battleInfo" basicAttack="0" basicShield="0" basicArmor="0" />
    <CardInfo name="sideEffectsBundle_OnBattleGround" triggerTime="OnRetinueDie" triggerRange="Self" triggerDelayTimes="0" triggerTimes="1" removeTriggerTime="None" removeTriggerRange="None" removeTriggerTimes="1">
      <SideEffect name="DamageRandom" IsNeedChoise="False" M_TargetRange="EnemyMechs" Value="5"></SideEffect>
    </CardInfo>
  </Card>
  <Card id="5401">
    <CardInfo name="baseInfo" pictureID="54" cardName="战场工兵I" cardName_en="Field Engineer" cardDesc="" isTemp="False" hide="False" metal="1" energy="0" coin="50" effectFactor="1" limitNum="5" cardRareLevel="0" cardType="Retinue" />
    <CardInfo name="retinueInfo" isSoldier="True" isDefence="False" isSniper="False" isCharger="False" isFrenzy="False" slot1="None" slot2="None" slot3="None" slot4="None" />
    <CardInfo name="upgradeInfo" upgradeCardID="5402" degradeCardID="-1" cardLevel="1" />
    <CardInfo name="lifeInfo" life="1" totalLife="1" />
    <CardInfo name="battleInfo" basicAttack="0" basicShield="0" basicArmor="0" />
    <CardInfo name="sideEffectsBundle_OnBattleGround" triggerTime="OnRetinueSummon" triggerRange="Self" triggerDelayTimes="0" triggerTimes="1" removeTriggerTime="None" removeTriggerRange="None" removeTriggerTimes="1">
      <SideEffect name="HealOne" IsNeedChoise="True" M_TargetRange="SelfMechs" Value="3"></SideEffect>
    </CardInfo>
  </Card>
  <Card id="5402">
    <CardInfo name="baseInfo" pictureID="55" cardName="战场工兵II" cardName_en="Field Engineer" cardDesc="" isTemp="False" hide="False" metal="2" energy="0" coin="50" effectFactor="1" limitNum="0" cardRareLevel="2" cardType="Retinue" />
    <CardInfo name="retinueInfo" isSoldier="True" isDefence="False" isSniper="False" isCharger="False" isFrenzy="False" slot1="None" slot2="None" slot3="None" slot4="None" />
    <CardInfo name="upgradeInfo" upgradeCardID="-1" degradeCardID="5401" cardLevel="2" />
    <CardInfo name="lifeInfo" life="2" totalLife="2" />
    <CardInfo name="battleInfo" basicAttack="0" basicShield="0" basicArmor="0" />
    <CardInfo name="sideEffectsBundle_OnBattleGround" triggerTime="OnRetinueSummon" triggerRange="Self" triggerDelayTimes="0" triggerTimes="1" removeTriggerTime="None" removeTriggerRange="None" removeTriggerTimes="1">
      <SideEffect name="HealOne" IsNeedChoise="True" M_TargetRange="SelfMechs" Value="5"></SideEffect>
    </CardInfo>
  </Card>
  <Card id="5600">
    <CardInfo name="baseInfo" pictureID="56" cardName="钢加农" cardName_en="Gun Canon" cardDesc="" isTemp="False" hide="False" metal="3" energy="0" coin="100" effectFactor="1" limitNum="3" cardRareLevel="2" cardType="Retinue" />
    <CardInfo name="retinueInfo" isSoldier="True" isDefence="True" isSniper="False" isCharger="False" isFrenzy="False" slot1="Weapon" slot2="None" slot3="None" slot4="None" />
    <CardInfo name="upgradeInfo" upgradeCardID="-1" degradeCardID="-1" cardLevel="0" />
    <CardInfo name="lifeInfo" life="4" totalLife="4" />
    <CardInfo name="battleInfo" basicAttack="1" basicShield="0" basicArmor="2" />
  </Card>
  <Card id="5700">
    <CardInfo name="baseInfo" pictureID="57" cardName="大魔分队" cardName_en="Dom Team" cardDesc="" isTemp="False" hide="False" metal="3" energy="0" coin="400" effectFactor="1" limitNum="1" cardRareLevel="1" cardType="Retinue" />
    <CardInfo name="retinueInfo" isSoldier="True" isDefence="False" isSniper="False" isCharger="False" isFrenzy="False" slot1="None" slot2="None" slot3="None" slot4="None" />
    <CardInfo name="upgradeInfo" upgradeCardID="-1" degradeCardID="-1" cardLevel="0" />
    <CardInfo name="lifeInfo" life="2" totalLife="2" />
    <CardInfo name="battleInfo" basicAttack="3" basicShield="0" basicArmor="0" />
    <CardInfo name="sideEffectsBundle_OnBattleGround" triggerTime="OnRetinueSummon" triggerRange="Self" triggerDelayTimes="0" triggerTimes="1" removeTriggerTime="None" removeTriggerRange="None" removeTriggerTimes="1">
      <SideEffect name="SummonRetinue" SummonRetinueID="5701"></SideEffect>
      <SideEffect name="SummonRetinue" SummonRetinueID="5702"></SideEffect>
    </CardInfo>
  </Card>
  <Card id="5701">
    <CardInfo name="baseInfo" pictureID="57" cardName="大魔[攻击]" cardName_en="Dom(Attack)" cardDesc="" isTemp="True" hide="True" metal="2" energy="0" coin="0" effectFactor="1" limitNum="1" cardRareLevel="1" cardType="Retinue" />
    <CardInfo name="retinueInfo" isSoldier="True" isDefence="False" isSniper="False" isCharger="False" isFrenzy="False" slot1="Weapon" slot2="None" slot3="None" slot4="None" />
    <CardInfo name="upgradeInfo" upgradeCardID="-1" degradeCardID="-1" cardLevel="0" />
    <CardInfo name="lifeInfo" life="2" totalLife="2" />
    <CardInfo name="battleInfo" basicAttack="0" basicShield="0" basicArmor="0" />
  </Card>
  <Card id="5702">
    <CardInfo name="baseInfo" pictureID="57" cardName="大魔[防守]" cardName_en="Dom(Defence)" cardDesc="" isTemp="True" hide="True" metal="2" energy="0" coin="0" effectFactor="1" limitNum="1" cardRareLevel="1" cardType="Retinue" />
    <CardInfo name="retinueInfo" isSoldier="True" isDefence="True" isSniper="False" isCharger="False" isFrenzy="False" slot1="None" slot2="Shield" slot3="None" slot4="None" />
    <CardInfo name="upgradeInfo" upgradeCardID="-1" degradeCardID="-1" cardLevel="0" />
    <CardInfo name="lifeInfo" life="1" totalLife="1" />
    <CardInfo name="battleInfo" basicAttack="0" basicShield="1" basicArmor="0" />
  </Card>
  <Card id="5800">
    <CardInfo name="baseInfo" pictureID="58" cardName="突袭小队" cardName_en="Strike Team" cardDesc="" isTemp="False" hide="False" metal="2" energy="0" coin="200" effectFactor="1" limitNum="3" cardRareLevel="0" cardType="Retinue" />
    <CardInfo name="retinueInfo" isSoldier="True" isDefence="False" isSniper="False" isCharger="False" isFrenzy="False" slot1="Weapon" slot2="None" slot3="None" slot4="None" />
    <CardInfo name="upgradeInfo" upgradeCardID="-1" degradeCardID="-1" cardLevel="0" />
    <CardInfo name="lifeInfo" life="1" totalLife="1" />
    <CardInfo name="battleInfo" basicAttack="1" basicShield="0" basicArmor="0" />
    <CardInfo name="sideEffectsBundle_OnBattleGround" triggerTime="OnRetinueSummon" triggerRange="Self" triggerDelayTimes="0" triggerTimes="1" removeTriggerTime="None" removeTriggerRange="None" removeTriggerTimes="1">
      <SideEffect name="SummonRetinue" SummonRetinueID="5801"></SideEffect>
    </CardInfo>
  </Card>
  <Card id="5801">
    <CardInfo name="baseInfo" pictureID="58" cardName="突袭者" cardName_en="Striker" cardDesc="" isTemp="True" hide="True" metal="1" energy="0" coin="0" effectFactor="1" limitNum="3" cardRareLevel="0" cardType="Retinue" />
    <CardInfo name="retinueInfo" isSoldier="True" isDefence="False" isSniper="False" isCharger="False" isFrenzy="False" slot1="Weapon" slot2="None" slot3="None" slot4="None" />
    <CardInfo name="upgradeInfo" upgradeCardID="-1" degradeCardID="-1" cardLevel="0" />
    <CardInfo name="lifeInfo" life="1" totalLife="1" />
    <CardInfo name="battleInfo" basicAttack="1" basicShield="0" basicArmor="0" />
  </Card>
  <Card id="5900">
    <CardInfo name="baseInfo" pictureID="59" cardName="狙击型吉姆" cardName_en="Sniper Jim" cardDesc="" isTemp="False" hide="False" metal="3" energy="0" coin="350" effectFactor="1" limitNum="2" cardRareLevel="2" cardType="Retinue" />
    <CardInfo name="retinueInfo" isSoldier="True" isDefence="False" isSniper="True" isCharger="False" isFrenzy="False" slot1="Weapon" slot2="None" slot3="None" slot4="None" />
    <CardInfo name="upgradeInfo" upgradeCardID="-1" degradeCardID="-1" cardLevel="0" />
    <CardInfo name="lifeInfo" life="4" totalLife="4" />
    <CardInfo name="battleInfo" basicAttack="0" basicShield="0" basicArmor="1" />
  </Card>
  <Card id="6000">
    <CardInfo name="baseInfo" pictureID="60" cardName="GAT-X131" cardName_en="GAT-X131" cardDesc="" isTemp="False" hide="False" metal="3" energy="0" coin="200" effectFactor="1" limitNum="3" cardRareLevel="2" cardType="Retinue" />
    <CardInfo name="retinueInfo" isSoldier="True" isDefence="True" isSniper="False" isCharger="False" isFrenzy="False" slot1="Weapon" slot2="None" slot3="None" slot4="None" />
    <CardInfo name="upgradeInfo" upgradeCardID="-1" degradeCardID="-1" cardLevel="0" />
    <CardInfo name="lifeInfo" life="7" totalLife="7" />
    <CardInfo name="battleInfo" basicAttack="0" basicShield="0" basicArmor="0" />
  </Card>
  <Card id="6300">
    <CardInfo name="baseInfo" pictureID="63" cardName="RX-785" cardName_en="RX-785" cardDesc="" isTemp="False" hide="False" metal="5" energy="0" coin="200" effectFactor="1" limitNum="3" cardRareLevel="4" cardType="Retinue" />
    <CardInfo name="retinueInfo" isSoldier="True" isDefence="False" isSniper="False" isCharger="False" isFrenzy="False" slot1="Weapon" slot2="None" slot3="Pack" slot4="None" />
    <CardInfo name="upgradeInfo" upgradeCardID="-1" degradeCardID="-1" cardLevel="0" />
    <CardInfo name="lifeInfo" life="8" totalLife="8" />
    <CardInfo name="battleInfo" basicAttack="1" basicShield="0" basicArmor="5" />
  </Card>
  <Card id="6400">
    <CardInfo name="baseInfo" pictureID="64" cardName="伊芙利特改" cardName_en="MS-08TX[EXAM]" cardDesc="" isTemp="False" hide="False" metal="2" energy="0" coin="200" effectFactor="1" limitNum="3" cardRareLevel="2" cardType="Retinue" />
    <CardInfo name="retinueInfo" isSoldier="True" isDefence="False" isSniper="False" isCharger="False" isFrenzy="False" slot1="None" slot2="None" slot3="None" slot4="None" />
    <CardInfo name="upgradeInfo" upgradeCardID="-1" degradeCardID="-1" cardLevel="0" />
    <CardInfo name="lifeInfo" life="3" totalLife="3" />
    <CardInfo name="battleInfo" basicAttack="3" basicShield="0" basicArmor="0" />
  </Card>
  <Card id="6600">
    <CardInfo name="baseInfo" pictureID="65" cardName="杰斯塔" cardName_en="Jesta" cardDesc="" isTemp="False" hide="False" metal="4" energy="0" coin="200" effectFactor="1" limitNum="3" cardRareLevel="4" cardType="Retinue" />
    <CardInfo name="retinueInfo" isSoldier="True" isDefence="False" isSniper="False" isCharger="False" isFrenzy="False" slot1="Weapon" slot2="Shield" slot3="Pack" slot4="None" />
    <CardInfo name="upgradeInfo" upgradeCardID="-1" degradeCardID="-1" cardLevel="0" />
    <CardInfo name="lifeInfo" life="6" totalLife="6" />
    <CardInfo name="battleInfo" basicAttack="2" basicShield="2" basicArmor="2" />
  </Card>
  <Card id="6700">
    <CardInfo name="baseInfo" pictureID="66" cardName="扎古" cardName_en="Zaku" cardDesc="" isTemp="False" hide="False" metal="2" energy="0" coin="250" effectFactor="1" limitNum="3" cardRareLevel="2" cardType="Retinue" />
    <CardInfo name="retinueInfo" isSoldier="True" isDefence="False" isSniper="False" isCharger="False" isFrenzy="False" slot1="Weapon" slot2="Shield" slot3="None" slot4="None" />
    <CardInfo name="upgradeInfo" upgradeCardID="-1" degradeCardID="-1" cardLevel="0" />
    <CardInfo name="lifeInfo" life="2" totalLife="2" />
    <CardInfo name="battleInfo" basicAttack="1" basicShield="1" basicArmor="4" />
  </Card>
  <Card id="6800">
    <CardInfo name="baseInfo" pictureID="67" cardName="狙击格鲁古古" cardName_en="Gelgoog" cardDesc="" isTemp="False" hide="False" metal="5" energy="0" coin="200" effectFactor="1" limitNum="3" cardRareLevel="3" cardType="Retinue" />
    <CardInfo name="retinueInfo" isSoldier="True" isDefence="False" isSniper="True" isCharger="False" isFrenzy="False" slot1="Weapon" slot2="Shield" slot3="None" slot4="None" />
    <CardInfo name="upgradeInfo" upgradeCardID="-1" degradeCardID="-1" cardLevel="0" />
    <CardInfo name="lifeInfo" life="4" totalLife="4" />
    <CardInfo name="battleInfo" basicAttack="1" basicShield="1" basicArmor="4" />
  </Card>
  <Card id="6901">
    <CardInfo name="baseInfo" pictureID="68" cardName="训练场新兵" cardName_en="Training Recruit" cardDesc="" isTemp="False" hide="False" metal="1" energy="0" coin="50" effectFactor="1" limitNum="5" cardRareLevel="0" cardType="Retinue" />
    <CardInfo name="retinueInfo" isSoldier="True" isDefence="False" isSniper="False" isCharger="False" isFrenzy="False" slot1="None" slot2="None" slot3="None" slot4="None" />
    <CardInfo name="upgradeInfo" upgradeCardID="6902" degradeCardID="-1" cardLevel="1" />
    <CardInfo name="lifeInfo" life="1" totalLife="1" />
    <CardInfo name="battleInfo" basicAttack="1" basicShield="0" basicArmor="1" />
  </Card>
  <Card id="6902">
    <CardInfo name="baseInfo" pictureID="68" cardName="训练场老兵" cardName_en="Training Veteran" cardDesc="" isTemp="False" hide="False" metal="2" energy="0" coin="100" effectFactor="1" limitNum="0" cardRareLevel="1" cardType="Retinue" />
    <CardInfo name="retinueInfo" isSoldier="True" isDefence="False" isSniper="False" isCharger="False" isFrenzy="False" slot1="None" slot2="Shield" slot3="None" slot4="None" />
    <CardInfo name="upgradeInfo" upgradeCardID="6903" degradeCardID="6901" cardLevel="2" />
    <CardInfo name="lifeInfo" life="1" totalLife="1" />
    <CardInfo name="battleInfo" basicAttack="2" basicShield="0" basicArmor="2" />
  </Card>
  <Card id="6903">
    <CardInfo name="baseInfo" pictureID="68" cardName="训练场精英" cardName_en="Training Elite" cardDesc="" isTemp="False" hide="False" metal="2" energy="0" coin="200" effectFactor="1" limitNum="0" cardRareLevel="3" cardType="Retinue" />
    <CardInfo name="retinueInfo" isSoldier="True" isDefence="False" isSniper="False" isCharger="False" isFrenzy="False" slot1="Weapon" slot2="Shield" slot3="None" slot4="None" />
    <CardInfo name="upgradeInfo" upgradeCardID="-1" degradeCardID="6902" cardLevel="3" />
    <CardInfo name="lifeInfo" life="1" totalLife="1" />
    <CardInfo name="battleInfo" basicAttack="1" basicShield="0" basicArmor="3" />
  </Card>

  <Card id="10101">
    <CardInfo name="baseInfo" pictureID="100" cardName="热能斧" cardName_en="Thermal Axe" cardDesc="" isTemp="False" hide="False" metal="3" energy="0" coin="50" effectFactor="1" limitNum="3" cardRareLevel="2" cardType="Equip" />
    <CardInfo name="upgradeInfo" upgradeCardID="10102" degradeCardID="-1" cardLevel="1" />
    <CardInfo name="weaponInfo" energy="1" energyMax="3" attack="1" weaponType="Sword" isSentry="False" isFrenzy="False" />
  </Card>
  <Card id="10102">
    <CardInfo name="baseInfo" pictureID="100" cardName="高能热能斧" cardName_en="S Thermal Axe" cardDesc="" isTemp="False" hide="False" metal="3" energy="0" coin="100" effectFactor="1" limitNum="0" cardRareLevel="3" cardType="Equip" />
    <CardInfo name="upgradeInfo" upgradeCardID="10103" degradeCardID="10101" cardLevel="2" />
    <CardInfo name="weaponInfo" energy="1" energyMax="4" attack="1" weaponType="Sword" isSentry="False" isFrenzy="False" />
  </Card>
  <Card id="10103">
    <CardInfo name="baseInfo" pictureID="100" cardName="狂暴热能斧" cardName_en="SP Thermal Axe" cardDesc="" isTemp="False" hide="False" metal="3" energy="0" coin="200" effectFactor="1" limitNum="0" cardRareLevel="4" cardType="Equip" />
    <CardInfo name="upgradeInfo" upgradeCardID="-1" degradeCardID="10102" cardLevel="3" />
    <CardInfo name="weaponInfo" energy="1" energyMax="5" attack="1" weaponType="Sword" isSentry="False" isFrenzy="False" />
  </Card>
  <Card id="10301">
    <CardInfo name="baseInfo" pictureID="103" cardName="匕首" cardName_en="Dagger" cardDesc="" isTemp="False" hide="False" metal="2" energy="0" coin="250" effectFactor="1" limitNum="3" cardRareLevel="1" cardType="Equip" />
    <CardInfo name="upgradeInfo" upgradeCardID="-1" degradeCardID="-1" cardLevel="0" />
    <CardInfo name="weaponInfo" energy="1" energyMax="2" attack="1" weaponType="Sword" isSentry="False" isFrenzy="False" />
  </Card>

  <Card id="20101">
    <CardInfo name="baseInfo" pictureID="200" cardName="机枪" cardName_en="M-Gun" cardDesc="" isTemp="False" hide="False" metal="2" energy="0" coin="200" effectFactor="1" limitNum="3" cardRareLevel="3" cardType="Equip" />
    <CardInfo name="upgradeInfo" upgradeCardID="20102" degradeCardID="-1" cardLevel="1" />
    <CardInfo name="weaponInfo" energy="3" energyMax="3" attack="1" weaponType="Gun" isSentry="False" isFrenzy="False" />
  </Card>
  <Card id="20102">
    <CardInfo name="baseInfo" pictureID="200" cardName="连射机枪" cardName_en="S M-Gun" cardDesc="" isTemp="False" hide="False" metal="2" energy="0" coin="250" effectFactor="1" limitNum="0" cardRareLevel="5" cardType="Equip" />
    <CardInfo name="upgradeInfo" upgradeCardID="20103" degradeCardID="20101" cardLevel="2" />
    <CardInfo name="weaponInfo" energy="4" energyMax="4" attack="1" weaponType="Gun" isSentry="False" isFrenzy="False" />
  </Card>
  <Card id="20103">
    <CardInfo name="baseInfo" pictureID="200" cardName="高速机枪" cardName_en="SP M-Gun" cardDesc="" isTemp="False" hide="False" metal="2" energy="0" coin="300" effectFactor="1" limitNum="0" cardRareLevel="7" cardType="Equip" />
    <CardInfo name="upgradeInfo" upgradeCardID="-1" degradeCardID="20102" cardLevel="3" />
    <CardInfo name="weaponInfo" energy="5" energyMax="5" attack="1" weaponType="Gun" isSentry="False" isFrenzy="False" />
  </Card>
  <Card id="20401">
    <CardInfo name="baseInfo" pictureID="204" cardName="离子步枪Ⅰ" cardName_en="Plasma Rifle I" cardDesc="" isTemp="False" hide="False" metal="3" energy="0" coin="200" effectFactor="1" limitNum="3" cardRareLevel="4" cardType="Equip" />
    <CardInfo name="upgradeInfo" upgradeCardID="20402" degradeCardID="-1" cardLevel="1" />
    <CardInfo name="weaponInfo" energy="2" energyMax="2" attack="1" weaponType="Gun" isSentry="False" isFrenzy="True" />
  </Card>
  <Card id="20402">
    <CardInfo name="baseInfo" pictureID="204" cardName="离子步枪Ⅱ" cardName_en="Plasma Rifle Ⅱ" cardDesc="" isTemp="False" hide="False" metal="4" energy="0" coin="300" effectFactor="1" limitNum="0" cardRareLevel="6" cardType="Equip" />
    <CardInfo name="upgradeInfo" upgradeCardID="20403" degradeCardID="20401" cardLevel="2" />
    <CardInfo name="weaponInfo" energy="3" energyMax="3" attack="1" weaponType="Gun" isSentry="False" isFrenzy="True" />
  </Card>
  <Card id="20403">
    <CardInfo name="baseInfo" pictureID="204" cardName="离子步枪Ⅲ" cardName_en="Plasma Rifle Ⅲ" cardDesc="" isTemp="False" hide="False" metal="5" energy="0" coin="400" effectFactor="1" limitNum="0" cardRareLevel="8" cardType="Equip" />
    <CardInfo name="upgradeInfo" upgradeCardID="-1" degradeCardID="20402" cardLevel="3" />
    <CardInfo name="weaponInfo" energy="4" energyMax="4" attack="1" weaponType="Gun" isSentry="False" isFrenzy="True" />
  </Card>
  <Card id="20501">
    <CardInfo name="baseInfo" pictureID="205" cardName="哨戒炮" cardName_en="Sentry Gun" cardDesc="" isTemp="False" hide="False" metal="2" energy="0" coin="300" effectFactor="1" limitNum="3" cardRareLevel="4" cardType="Equip" />
    <CardInfo name="upgradeInfo" upgradeCardID="-1" degradeCardID="-1" cardLevel="0" />
    <CardInfo name="weaponInfo" energy="7" energyMax="7" attack="2" weaponType="Gun" isSentry="True" isFrenzy="False" />
  </Card>
  <Card id="20601">
    <CardInfo name="baseInfo" pictureID="206" cardName="狙击步枪Ⅰ" cardName_en="Sniper Gun I" cardDesc="" isTemp="False" hide="False" metal="3" energy="0" coin="200" effectFactor="1" limitNum="3" cardRareLevel="3" cardType="Equip" />
    <CardInfo name="upgradeInfo" upgradeCardID="20602" degradeCardID="-1" cardLevel="1" />
    <CardInfo name="weaponInfo" energy="2" energyMax="2" attack="3" weaponType="SniperGun" isSentry="False" isFrenzy="False" />
  </Card>
  <Card id="20602">
    <CardInfo name="baseInfo" pictureID="206" cardName="狙击步枪Ⅱ" cardName_en="Sniper Gun Ⅱ" cardDesc="" isTemp="False" hide="False" metal="3" energy="0" coin="250" effectFactor="1" limitNum="0" cardRareLevel="6" cardType="Equip" />
    <CardInfo name="upgradeInfo" upgradeCardID="20603" degradeCardID="20601" cardLevel="2" />
    <CardInfo name="weaponInfo" energy="2" energyMax="2" attack="5" weaponType="SniperGun" isSentry="False" isFrenzy="False" />
  </Card>
  <Card id="20603">
    <CardInfo name="baseInfo" pictureID="206" cardName="狙击步枪Ⅲ" cardName_en="Sniper Gun Ⅲ" cardDesc="" isTemp="False" hide="False" metal="3" energy="0" coin="350" effectFactor="1" limitNum="0" cardRareLevel="8" cardType="Equip" />
    <CardInfo name="upgradeInfo" upgradeCardID="-1" degradeCardID="20602" cardLevel="3" />
    <CardInfo name="weaponInfo" energy="1" energyMax="1" attack="10" weaponType="SniperGun" isSentry="False" isFrenzy="False" />
  </Card>

  <Card id="30101">
    <CardInfo name="baseInfo" pictureID="300" cardName="护盾Ⅰ" cardName_en="Shield Ⅰ" cardDesc="" isTemp="False" hide="False" metal="2" energy="0" coin="300" effectFactor="1" limitNum="3" cardRareLevel="2" cardType="Equip" />
    <CardInfo name="upgradeInfo" upgradeCardID="30102" degradeCardID="-1" cardLevel="1" />
    <CardInfo name="shieldInfo" armor="0" shield="1" shieldType="Shield" isDefence="False" />
  </Card>
  <Card id="30102">
    <CardInfo name="baseInfo" pictureID="300" cardName="护盾Ⅱ" cardName_en="Shield Ⅱ" cardDesc="" isTemp="False" hide="False" metal="2" energy="0" coin="400" effectFactor="1" limitNum="0" cardRareLevel="3" cardType="Equip" />
    <CardInfo name="upgradeInfo" upgradeCardID="30103" degradeCardID="30101" cardLevel="2" />
    <CardInfo name="shieldInfo" armor="0" shield="2" shieldType="Shield" isDefence="False" />
  </Card>
  <Card id="30103">
    <CardInfo name="baseInfo" pictureID="300" cardName="护盾Ⅲ" cardName_en="Shield Ⅲ" cardDesc="" isTemp="False" hide="False" metal="3" energy="0" coin="500" effectFactor="1" limitNum="0" cardRareLevel="4" cardType="Equip" />
    <CardInfo name="upgradeInfo" upgradeCardID="-1" degradeCardID="30102" cardLevel="3" />
    <CardInfo name="shieldInfo" armor="0" shield="3" shieldType="Shield" isDefence="True" />
  </Card>

  <Card id="30201">
    <CardInfo name="baseInfo" pictureID="350" cardName="新兵盾牌Ⅰ" cardName_en="Armor Ⅰ" cardDesc="" isTemp="False" hide="False" metal="1" energy="0" coin="100" effectFactor="1" limitNum="3" cardRareLevel="1" cardType="Equip" />
    <CardInfo name="upgradeInfo" upgradeCardID="30202" degradeCardID="-1" cardLevel="1" />
    <CardInfo name="shieldInfo" armor="4" shield="0" shieldType="Armor" isDefence="False" />
  </Card>
  <Card id="30202">
    <CardInfo name="baseInfo" pictureID="350" cardName="新兵盾牌Ⅱ" cardName_en="Armor Ⅱ" cardDesc="" isTemp="False" hide="False" metal="2" energy="0" coin="200" effectFactor="1" limitNum="0" cardRareLevel="2" cardType="Equip" />
    <CardInfo name="upgradeInfo" upgradeCardID="30203" degradeCardID="30201" cardLevel="2" />
    <CardInfo name="shieldInfo" armor="6" shield="0" shieldType="Armor" isDefence="False" />
  </Card>
  <Card id="30203">
    <CardInfo name="baseInfo" pictureID="350" cardName="新兵盾牌Ⅲ" cardName_en="Armor Ⅲ" cardDesc="" isTemp="False" hide="False" metal="3" energy="0" coin="300" effectFactor="1" limitNum="0" cardRareLevel="3" cardType="Equip" />
    <CardInfo name="upgradeInfo" upgradeCardID="-1" degradeCardID="30202" cardLevel="3" />
    <CardInfo name="shieldInfo" armor="8" shield="0" shieldType="Armor" isDefence="True" />
  </Card>

  <Card id="40101">
    <CardInfo name="baseInfo" pictureID="401" cardName="Pack测试" cardName_en="Pack" cardDesc="" isTemp="False" hide="False" metal="1" energy="0" coin="100" effectFactor="1" limitNum="3" cardRareLevel="9" cardType="Equip" />
    <CardInfo name="upgradeInfo" upgradeCardID="-1" degradeCardID="-1" cardLevel="1" />
    <CardInfo name="packInfo" isFrenzy="False" isDefence="False" isSniper="False" dodgeProp="30" />
  </Card>

  <Card id="50101">
    <CardInfo name="baseInfo" pictureID="501" cardName="MA测试" cardName_en="MA_Test" cardDesc="(not designed yet.)" isTemp="False" hide="False" metal="1" energy="0" coin="100" effectFactor="1" limitNum="3" cardRareLevel="9" cardType="Equip" />
    <CardInfo name="upgradeInfo" upgradeCardID="-1" degradeCardID="-1" cardLevel="1" />
    <CardInfo name="maInfo" isFrenzy="False" isDefence="False" isSniper="False" />
  </Card>

  <Card id="60101">
    <CardInfo name="baseInfo" pictureID="601" cardName="火力防御" cardName_en="Gatlin" cardDesc="" isTemp="False" hide="False" metal="0" energy="1" coin="100" effectFactor="1" limitNum="3" cardRareLevel="0" cardType="Spell" />
    <CardInfo name="upgradeInfo" upgradeCardID="60102" degradeCardID="-1" cardLevel="1" />
    <CardInfo name="sideEffectsBundle" triggerTime="OnPlayCard" triggerRange="Self" triggerDelayTimes="0" triggerTimes="1" removeTriggerTime="None" removeTriggerRange="None" removeTriggerTimes="1">
      <SideEffect name="DamageOne" IsNeedChoise="True" M_TargetRange="EnemyMechs" Value="1"></SideEffect>
    </CardInfo>
  </Card>
  <Card id="60102">
    <CardInfo name="baseInfo" pictureID="602" cardName="火神打击" cardName_en="S Gatlin" cardDesc="" isTemp="False" hide="False" metal="0" energy="2" coin="150" effectFactor="1" limitNum="0" cardRareLevel="1" cardType="Spell" />
    <CardInfo name="upgradeInfo" upgradeCardID="60103" degradeCardID="60101" cardLevel="2" />
    <CardInfo name="sideEffectsBundle" triggerTime="OnPlayCard" triggerRange="Self" triggerDelayTimes="0" triggerTimes="1" removeTriggerTime="None" removeTriggerRange="None" removeTriggerTimes="1">
      <SideEffect name="DamageOne" IsNeedChoise="True" M_TargetRange="EnemyMechs" Value="2"></SideEffect>
    </CardInfo>
  </Card>
  <Card id="60103">
    <CardInfo name="baseInfo" pictureID="630" cardName="火神扫射" cardName_en="SP Gatlin" cardDesc="" isTemp="False" hide="False" metal="0" energy="3" coin="200" effectFactor="1" limitNum="0" cardRareLevel="2" cardType="Spell" />
    <CardInfo name="upgradeInfo" upgradeCardID="-1" degradeCardID="60102" cardLevel="3" />
    <CardInfo name="sideEffectsBundle" triggerTime="OnPlayCard" triggerRange="Self" triggerDelayTimes="0" triggerTimes="1" removeTriggerTime="None" removeTriggerRange="None" removeTriggerTimes="1">
      <SideEffect name="DamageAll" M_TargetRange="EnemyMechs" Value="1"></SideEffect>
    </CardInfo>
  </Card>
  <Card id="60301">
    <CardInfo name="baseInfo" pictureID="603" cardName="月面镭射" cardName_en="Reflective Raser" cardDesc="" isTemp="False" hide="False" metal="0" energy="2" coin="300" effectFactor="1" limitNum="3" cardRareLevel="0" cardType="Spell" />
    <CardInfo name="upgradeInfo" upgradeCardID="60302" degradeCardID="-1" cardLevel="0" />
    <CardInfo name="sideEffectsBundle" triggerTime="OnPlayCard" triggerRange="Self" triggerDelayTimes="0" triggerTimes="1" removeTriggerTime="None" removeTriggerRange="None" removeTriggerTimes="1">
      <SideEffect name="DamageOne" IsNeedChoise="True" M_TargetRange="Soldiers" Value="2"></SideEffect>
    </CardInfo>
  </Card>
  <Card id="60302">
    <CardInfo name="baseInfo" pictureID="631" cardName="精准镭射" cardName_en="Focus Raser" cardDesc="" isTemp="False" hide="False" metal="0" energy="3" coin="400" effectFactor="1" limitNum="3" cardRareLevel="2" cardType="Spell" />
    <CardInfo name="upgradeInfo" upgradeCardID="-1" degradeCardID="60301" cardLevel="0" />
    <CardInfo name="sideEffectsBundle" triggerTime="OnPlayCard" triggerRange="Self" triggerDelayTimes="0" triggerTimes="1" removeTriggerTime="None" removeTriggerRange="None" removeTriggerTimes="1">
      <SideEffect name="DamageOne" IsNeedChoise="True" M_TargetRange="Soldiers" Value="5"></SideEffect>
    </CardInfo>
  </Card>
  <Card id="60401">
    <CardInfo name="baseInfo" pictureID="623" cardName="蝴蝶效应" cardName_en="Butterfly Effect" cardDesc="" isTemp="False" hide="False" metal="0" energy="1" coin="600" effectFactor="1" limitNum="1" cardRareLevel="4" cardType="Spell" />
    <CardInfo name="upgradeInfo" upgradeCardID="-1" degradeCardID="-1" cardLevel="0" />
    <CardInfo name="sideEffectsBundle" triggerTime="OnPlayCard" triggerRange="Self" triggerDelayTimes="0" triggerTimes="1" removeTriggerTime="None" removeTriggerRange="None" removeTriggerTimes="1">
      <SideEffect name="DrawCards" Value="1"></SideEffect>
      <SideEffect name="AddTempCardToDeck" Value="1" CardId="60402"></SideEffect>
    </CardInfo>
  </Card>
  <Card id="60402">
    <CardInfo name="baseInfo" pictureID="621" cardName="蝴蝶效应2" cardName_en="Butterfly Effect2" cardDesc="" isTemp="True" hide="True" metal="0" energy="2" coin="600" effectFactor="1" limitNum="1" cardRareLevel="4" cardType="Spell" />
    <CardInfo name="upgradeInfo" upgradeCardID="-1" degradeCardID="-1" cardLevel="0" />
    <CardInfo name="sideEffectsBundle" triggerTime="OnPlayCard" triggerRange="Self" triggerDelayTimes="0" triggerTimes="1" removeTriggerTime="None" removeTriggerRange="None" removeTriggerTimes="1">
      <SideEffect name="DrawCards" Value="1"></SideEffect>
      <SideEffect name="AddTempCardToDeck" Value="1" CardId="60403"></SideEffect>
    </CardInfo>
  </Card>
  <Card id="60403">
    <CardInfo name="baseInfo" pictureID="604" cardName="蝴蝶效应3" cardName_en="Butterfly Effect3" cardDesc="" isTemp="True" hide="True" metal="0" energy="3" coin="600" effectFactor="1" limitNum="1" cardRareLevel="4" cardType="Spell" />
    <CardInfo name="upgradeInfo" upgradeCardID="-1" degradeCardID="-1" cardLevel="0" />
    <CardInfo name="sideEffectsBundle" triggerTime="OnPlayCard" triggerRange="Self" triggerDelayTimes="0" triggerTimes="1" removeTriggerTime="None" removeTriggerRange="None" removeTriggerTimes="1">
      <SideEffect name="DrawCards" Value="1"></SideEffect>
      <SideEffect name="AddTempCardToDeck" Value="1" CardId="60404"></SideEffect>
    </CardInfo>
  </Card>
  <Card id="60404">
    <CardInfo name="baseInfo" pictureID="624" cardName="橙色风暴" cardName_en="Orange Storm" cardDesc="" isTemp="True" hide="True" metal="2" energy="4" coin="600" effectFactor="1" limitNum="1" cardRareLevel="4" cardType="Spell" />
    <CardInfo name="upgradeInfo" upgradeCardID="-1" degradeCardID="-1" cardLevel="0" />
    <CardInfo name="sideEffectsBundle" triggerTime="OnPlayCard" triggerRange="Self" triggerDelayTimes="0" triggerTimes="1" removeTriggerTime="None" removeTriggerRange="None" removeTriggerTimes="1">
      <SideEffect name="KillAll" IsNeedChoise="False" M_TargetRange="EnemyMechs"></SideEffect>
    </CardInfo>
  </Card>
  <Card id="60504">
    <CardInfo name="baseInfo" pictureID="625" cardName="紫色风暴" cardName_en="Purple Storm" cardDesc="" isTemp="False" hide="False" metal="10" energy="30" coin="600" effectFactor="1" limitNum="1" cardRareLevel="6" cardType="Spell" />
    <CardInfo name="upgradeInfo" upgradeCardID="-1" degradeCardID="-1" cardLevel="0" />
    <CardInfo name="sideEffectsBundle" triggerTime="OnPlayCard" triggerRange="Self" triggerDelayTimes="0" triggerTimes="1" removeTriggerTime="None" removeTriggerRange="None" removeTriggerTimes="1">
      <SideEffect name="UseAllEnergyDamageShip" Value="30" Value_Plus="1"></SideEffect>
    </CardInfo>
  </Card>
  <Card id="60501">
    <CardInfo name="baseInfo" pictureID="605" cardName="钛金魔方" cardName_en="Titanium Cube" cardDesc="" isTemp="False" hide="False" metal="0" energy="5" coin="200" effectFactor="1" limitNum="3" cardRareLevel="2" cardType="Spell" />
    <CardInfo name="upgradeInfo" upgradeCardID="-1" degradeCardID="-1" cardLevel="0" />
    <CardInfo name="sideEffectsBundle" triggerTime="OnPlayCard" triggerRange="Self" triggerDelayTimes="0" triggerTimes="1" removeTriggerTime="None" removeTriggerRange="None" removeTriggerTimes="1">
      <SideEffect name="CopyNextDrawCard" Value="1"></SideEffect>
    </CardInfo>
  </Card>
  <Card id="60601">
    <CardInfo name="baseInfo" pictureID="606" cardName="精神领域" cardName_en="Spiritual Field" cardDesc="" isTemp="False" hide="False" metal="2" energy="3" coin="200" effectFactor="1" limitNum="3" cardRareLevel="0" cardType="Spell" />
    <CardInfo name="upgradeInfo" upgradeCardID="-1" degradeCardID="-1" cardLevel="0" />
    <CardInfo name="sideEffectsBundle" triggerTime="OnPlayCard" triggerRange="Self" triggerDelayTimes="0" triggerTimes="1" removeTriggerTime="None" removeTriggerRange="None" removeTriggerTimes="1">
      <SideEffect name="DrawCards" Value="2"></SideEffect>
    </CardInfo>
  </Card>
  <Card id="60701">
    <CardInfo name="baseInfo" pictureID="607" cardName="死亡之光" cardName_en="Light of Death" cardDesc="" isTemp="False" hide="False" metal="0" energy="20" coin="400" effectFactor="1" limitNum="3" cardRareLevel="4" cardType="Spell" />
    <CardInfo name="upgradeInfo" upgradeCardID="-1" degradeCardID="-1" cardLevel="0" />
    <CardInfo name="sideEffectsBundle" triggerTime="OnPlayCard" triggerRange="Self" triggerDelayTimes="0" triggerTimes="1" removeTriggerTime="None" removeTriggerRange="None" removeTriggerTimes="1">
      <SideEffect name="DamageOne" IsNeedChoise="False" M_TargetRange="EnemyShip" Value="10"></SideEffect>
    </CardInfo>
    <CardInfo name="sideEffectsBundle" triggerTime="OnEndRound" triggerRange="SelfPlayer" triggerDelayTimes="0" triggerTimes="1" removeTriggerTime="None" removeTriggerRange="None" removeTriggerTimes="1">
      <SideEffect name="WaitInHandDecreaseEnergy" Value="2"></SideEffect>
    </CardInfo>
  </Card>
  <Card id="60801">
    <CardInfo name="baseInfo" pictureID="608" cardName="冲撞" cardName_en="Crash" cardDesc="" isTemp="False" hide="False" metal="0" energy="3" coin="350" effectFactor="1" limitNum="3" cardRareLevel="1" cardType="Spell" />
    <CardInfo name="upgradeInfo" upgradeCardID="-1" degradeCardID="-1" cardLevel="0" />
    <CardInfo name="sideEffectsBundle" triggerTime="OnPlayCard" triggerRange="Self" triggerDelayTimes="0" triggerTimes="1" removeTriggerTime="None" removeTriggerRange="None" removeTriggerTimes="1">
      <SideEffect name="DamageOne" IsNeedChoise="True" M_TargetRange="SelfMechs" Value="1"></SideEffect>
      <SideEffect name="DamageRandom" IsNeedChoise="False" M_TargetRange="EnemyMechs" Value="3"></SideEffect>
    </CardInfo>
  </Card>
  <Card id="60901">
    <CardInfo name="baseInfo" pictureID="609" cardName="堕落" cardName_en="Degenerate" cardDesc="" isTemp="False" hide="False" metal="0" energy="8" coin="600" effectFactor="1" limitNum="3" cardRareLevel="6" cardType="Spell" />
    <CardInfo name="upgradeInfo" upgradeCardID="-1" degradeCardID="-1" cardLevel="0" />
    <CardInfo name="sideEffectsBundle" triggerTime="OnPlayCard" triggerRange="Self" triggerDelayTimes="0" triggerTimes="1" removeTriggerTime="None" removeTriggerRange="None" removeTriggerTimes="1">
      <SideEffect name="Degenerate" IsNeedChoise="True" M_TargetRange="SelfHeros"></SideEffect>
    </CardInfo>
  </Card>
  <Card id="61001">
    <CardInfo name="baseInfo" pictureID="610" cardName="黑客入侵" cardName_en="Hack" cardDesc="" isTemp="False" hide="False" metal="0" energy="10" coin="800" effectFactor="1" limitNum="2" cardRareLevel="6" cardType="Spell" />
    <CardInfo name="upgradeInfo" upgradeCardID="-1" degradeCardID="-1" cardLevel="0" />
    <CardInfo name="sideEffectsBundle" triggerTime="OnPlayCard" triggerRange="Self" triggerDelayTimes="0" triggerTimes="1" removeTriggerTime="None" removeTriggerRange="None" removeTriggerTimes="1">
      <SideEffect name="BreakEquip" IsNeedChoise="True" M_TargetRange="EnemyMechs"></SideEffect>
    </CardInfo>
  </Card>
  <Card id="61101">
    <CardInfo name="baseInfo" pictureID="611" cardName="镀金Ⅰ" cardName_en="Gold Plating Ⅰ" cardDesc="" isTemp="False" hide="False" metal="0" energy="5" coin="250" effectFactor="1" limitNum="3" cardRareLevel="1" cardType="Spell" />
    <CardInfo name="upgradeInfo" upgradeCardID="61102" degradeCardID="-1" cardLevel="1" />
    <CardInfo name="sideEffectsBundle" triggerTime="OnPlayCard" triggerRange="Self" triggerDelayTimes="0" triggerTimes="1" removeTriggerTime="None" removeTriggerRange="None" removeTriggerTimes="1">
      <SideEffect name="AddLifeOne" IsNeedChoise="True" M_TargetRange="SelfMechs" Value="2"></SideEffect>
      <SideEffect name="AddArmorOne" IsNeedChoise="True" M_TargetRange="SelfMechs" Value="3"></SideEffect>
    </CardInfo>
  </Card>
  <Card id="61102">
    <CardInfo name="baseInfo" pictureID="611" cardName="镀金Ⅱ" cardName_en="Gold Plating Ⅱ" cardDesc="" isTemp="False" hide="False" metal="0" energy="7" coin="400" effectFactor="1" limitNum="0" cardRareLevel="5" cardType="Spell" />
    <CardInfo name="upgradeInfo" upgradeCardID="-1" degradeCardID="61101" cardLevel="2" />
    <CardInfo name="sideEffectsBundle" triggerTime="OnPlayCard" triggerRange="Self" triggerDelayTimes="0" triggerTimes="1" removeTriggerTime="None" removeTriggerRange="None" removeTriggerTimes="1">
      <SideEffect name="AddLifeOne" IsNeedChoise="True" M_TargetRange="SelfMechs" Value="3"></SideEffect>
      <SideEffect name="AddArmorOne" IsNeedChoise="True" M_TargetRange="SelfMechs" Value="5"></SideEffect>
    </CardInfo>
  </Card>
  <Card id="61201">
    <CardInfo name="baseInfo" pictureID="612" cardName="幻境" cardName_en="Illusion" cardDesc="" isTemp="False" hide="False" metal="0" energy="10" coin="400" effectFactor="1" limitNum="1" cardRareLevel="5" cardType="Spell" />
    <CardInfo name="upgradeInfo" upgradeCardID="-1" degradeCardID="-1" cardLevel="0" />
    <CardInfo name="sideEffectsBundle" triggerTime="OnPlayCard" triggerRange="Self" triggerDelayTimes="0" triggerTimes="1" removeTriggerTime="None" removeTriggerRange="None" removeTriggerTimes="1">
      <SideEffect name="IllusionToOne" IsNeedChoise="True" M_TargetRange="SelfMechs" Value="1"></SideEffect>
    </CardInfo>
  </Card>
  <Card id="61301">
    <CardInfo name="baseInfo" pictureID="613" cardName="牺牲" cardName_en="Sacrifice" cardDesc="" isTemp="False" hide="False" metal="0" energy="10" coin="400" effectFactor="1" limitNum="3" cardRareLevel="7" cardType="Spell" />
    <CardInfo name="upgradeInfo" upgradeCardID="-1" degradeCardID="-1" cardLevel="0" />
    <CardInfo name="sideEffectsBundle" triggerTime="OnPlayCard" triggerRange="Self" triggerDelayTimes="0" triggerTimes="1" removeTriggerTime="None" removeTriggerRange="None" removeTriggerTimes="1">
      <SideEffect name="Sacrifice" IsNeedChoise="True" M_TargetRange="SelfMechs" ValueBasic="3" ValuePlus="1"></SideEffect>
    </CardInfo>
  </Card>
  <Card id="61501">
    <CardInfo name="baseInfo" pictureID="615" cardName="偷袭" cardName_en="Sneak Attack" cardDesc="" isTemp="False" hide="False" metal="0" energy="4" coin="400" effectFactor="1" limitNum="3" cardRareLevel="3" cardType="Spell" />
    <CardInfo name="upgradeInfo" upgradeCardID="61502" degradeCardID="-1" cardLevel="1" />
    <CardInfo name="sideEffectsBundle" triggerTime="OnPlayCard" triggerRange="Self" triggerDelayTimes="0" triggerTimes="1" removeTriggerTime="None" removeTriggerRange="None" removeTriggerTimes="1">
      <SideEffect name="AddPlayerBuff" BuffName="AddEnergyWhenAttack" RemoveTriggerTimes="1" Value="2" />
    </CardInfo>
  </Card>
  <Card id="61502">
    <CardInfo name="baseInfo" pictureID="615" cardName="偷袭" cardName_en="Sneak Attack2" cardDesc="" isTemp="False" hide="False" metal="0" energy="6" coin="500" effectFactor="1" limitNum="0" cardRareLevel="4" cardType="Spell" />
    <CardInfo name="upgradeInfo" upgradeCardID="61503" degradeCardID="61501" cardLevel="2" />
    <CardInfo name="sideEffectsBundle" triggerTime="OnPlayCard" triggerRange="Self" triggerDelayTimes="0" triggerTimes="1" removeTriggerTime="None" removeTriggerRange="None" removeTriggerTimes="1">
      <SideEffect name="AddPlayerBuff" BuffName="AddEnergyWhenAttack" RemoveTriggerTimes="2" Value="2" />
    </CardInfo>
  </Card>
  <Card id="61503">
    <CardInfo name="baseInfo" pictureID="615" cardName="偷袭" cardName_en="Sneak Attack3" cardDesc="" isTemp="False" hide="False" metal="0" energy="10" coin="600" effectFactor="1" limitNum="0" cardRareLevel="5" cardType="Spell" />
    <CardInfo name="upgradeInfo" upgradeCardID="-1" degradeCardID="61502" cardLevel="3" />
    <CardInfo name="sideEffectsBundle" triggerTime="OnPlayCard" triggerRange="Self" triggerDelayTimes="0" triggerTimes="1" removeTriggerTime="None" removeTriggerRange="None" removeTriggerTimes="1">
      <SideEffect name="AddPlayerBuff" BuffName="AddEnergyWhenAttack" RemoveTriggerTimes="2" Value="3" />
    </CardInfo>
  </Card>
  <Card id="61601">
    <CardInfo name="baseInfo" pictureID="616" cardName="入侵" cardName_en="Intrusion" cardDesc="" isTemp="False" hide="False" metal="0" energy="10" coin="400" effectFactor="1" limitNum="3" cardRareLevel="3" cardType="Spell" />
    <CardInfo name="upgradeInfo" upgradeCardID="-1" degradeCardID="-1" cardLevel="0" />
    <CardInfo name="sideEffectsBundle" triggerTime="OnPlayCard" triggerRange="Self" triggerDelayTimes="0" triggerTimes="1" removeTriggerTime="None" removeTriggerRange="None" removeTriggerTimes="1">
      <SideEffect name="SummonRetinuePerMechs" IsNeedChoise="False" M_TargetRange="EnemyMechs" RetinueCardId="5701"></SideEffect>
    </CardInfo>
  </Card>
  <Card id="61701">
    <CardInfo name="baseInfo" pictureID="617" cardName="刺客意志" cardName_en="Assassin's Will" cardDesc="" isTemp="False" hide="False" metal="0" energy="10" coin="400" effectFactor="1" limitNum="3" cardRareLevel="5" cardType="Spell" />
    <CardInfo name="upgradeInfo" upgradeCardID="-1" degradeCardID="-1" cardLevel="0" />
    <CardInfo name="sideEffectsBundle" triggerTime="OnPlayCard" triggerRange="Self" triggerDelayTimes="0" triggerTimes="1" removeTriggerTime="None" removeTriggerRange="None" removeTriggerTimes="1">
      <SideEffect name="AddPlayerBuff" BuffName="NextSpellDamageDouble"></SideEffect>
    </CardInfo>
  </Card>
  <Card id="61801">
    <CardInfo name="baseInfo" pictureID="618" cardName="意志融合" cardName_en="Cooperation" cardDesc="" isTemp="False" hide="False" metal="0" energy="15" coin="400" effectFactor="1" limitNum="1" cardRareLevel="7" cardType="Spell" />
    <CardInfo name="upgradeInfo" upgradeCardID="-1" degradeCardID="-1" cardLevel="0" />
    <CardInfo name="sideEffectsBundle" triggerTime="OnPlayCard" triggerRange="Self" triggerDelayTimes="0" triggerTimes="1" removeTriggerTime="None" removeTriggerRange="None" removeTriggerTimes="1">
      <SideEffect name="Cooperation" IsNeedChoise="True" M_TargetRange="SelfSoldiers"></SideEffect>
    </CardInfo>
  </Card>
  <Card id="61901">
    <CardInfo name="baseInfo" pictureID="619" cardName="击落" cardName_en="Meteorite Fall" cardDesc="" isTemp="False" hide="False" metal="0" energy="10" coin="400" effectFactor="1" limitNum="3" cardRareLevel="6" cardType="Spell" />
    <CardInfo name="upgradeInfo" upgradeCardID="-1" degradeCardID="-1" cardLevel="0" />
    <CardInfo name="sideEffectsBundle" triggerTime="OnPlayCard" triggerRange="Self" triggerDelayTimes="0" triggerTimes="1" removeTriggerTime="None" removeTriggerRange="None" removeTriggerTimes="1">
      <SideEffect name="DamageOne" IsNeedChoise="True" M_TargetRange="Mechs" Value="10"></SideEffect>
      <SideEffect name="DrawTypeCards" Value="2" DrawCardType="Equip"></SideEffect>
    </CardInfo>
  </Card>
  <Card id="62001">
    <CardInfo name="baseInfo" pictureID="620" cardName="减速" cardName_en="Decelerate" cardDesc="" isTemp="False" hide="False" metal="0" energy="10" coin="400" effectFactor="1" limitNum="3" cardRareLevel="3" cardType="Spell" />
    <CardInfo name="upgradeInfo" upgradeCardID="-1" degradeCardID="-1" cardLevel="0" />
    <CardInfo name="sideEffectsBundle" triggerTime="OnPlayCard" triggerRange="Self" triggerDelayTimes="0" triggerTimes="1" removeTriggerTime="None" removeTriggerRange="None" removeTriggerTimes="1">
      <SideEffect name="AddTempCardToEnemyDeck" Value="3" CardId="6500"></SideEffect>
    </CardInfo>
  </Card>
  <Card id="6500">
    <CardInfo name="baseInfo" pictureID="620" cardName="减速机器人" cardName_en="Spider" cardDesc="" isTemp="True" hide="True" metal="0" energy="3" coin="400" effectFactor="1" limitNum="3" cardRareLevel="3" cardType="Retinue" />
    <CardInfo name="upgradeInfo" upgradeCardID="-1" degradeCardID="-1" cardLevel="0" />
    <CardInfo name="retinueInfo" isSoldier="True" isDefence="False" isSniper="False" isCharger="False" isFrenzy="False" slot1="None" slot2="None" slot3="None" slot4="None" />
    <CardInfo name="lifeInfo" life="2" totalLife="2" />
    <CardInfo name="battleInfo" basicAttack="1" basicShield="0" basicArmor="0" />
  </Card>
  <Card id="62101">
    <CardInfo name="baseInfo" pictureID="627" cardName="自动修复" cardName_en="Healing" cardDesc="" isTemp="False" hide="False" metal="0" energy="1" coin="50" effectFactor="1" limitNum="3" cardRareLevel="0" cardType="Spell" />
    <CardInfo name="upgradeInfo" upgradeCardID="62102" degradeCardID="-1" cardLevel="1" />
    <CardInfo name="sideEffectsBundle" triggerTime="OnPlayCard" triggerRange="Self" triggerDelayTimes="0" triggerTimes="1" removeTriggerTime="None" removeTriggerRange="None" removeTriggerTimes="1">
      <SideEffect name="HealOne" IsNeedChoise="False" M_TargetRange="SelfShip" Value="1"></SideEffect>
    </CardInfo>
  </Card>
  <Card id="62102">
    <CardInfo name="baseInfo" pictureID="627" cardName="自动修复" cardName_en="Healing" cardDesc="" isTemp="False" hide="False" metal="0" energy="2" coin="100" effectFactor="1" limitNum="0" cardRareLevel="1" cardType="Spell" />
    <CardInfo name="upgradeInfo" upgradeCardID="62103" degradeCardID="62101" cardLevel="2" />
    <CardInfo name="sideEffectsBundle" triggerTime="OnPlayCard" triggerRange="Self" triggerDelayTimes="0" triggerTimes="1" removeTriggerTime="None" removeTriggerRange="None" removeTriggerTimes="1">
      <SideEffect name="HealOne" IsNeedChoise="False" M_TargetRange="SelfShip" Value="3"></SideEffect>
    </CardInfo>
  </Card>
  <Card id="62103">
    <CardInfo name="baseInfo" pictureID="627" cardName="自动修复" cardName_en="Healing" cardDesc="" isTemp="False" hide="False" metal="0" energy="2" coin="150" effectFactor="1" limitNum="0" cardRareLevel="2" cardType="Spell" />
    <CardInfo name="upgradeInfo" upgradeCardID="-1" degradeCardID="62102" cardLevel="3" />
    <CardInfo name="sideEffectsBundle" triggerTime="OnPlayCard" triggerRange="Self" triggerDelayTimes="0" triggerTimes="1" removeTriggerTime="None" removeTriggerRange="None" removeTriggerTimes="1">
      <SideEffect name="HealOne" IsNeedChoise="False" M_TargetRange="SelfShip" Value="4"></SideEffect>
    </CardInfo>
  </Card>
  <Card id="62201">
    <CardInfo name="baseInfo" pictureID="628" cardName="虚空遗梦" cardName_en="Vacant Dream" cardDesc="" isTemp="False" hide="False" metal="0" energy="0" coin="400" effectFactor="1" limitNum="3" cardRareLevel="7" cardType="Spell" />
    <CardInfo name="upgradeInfo" upgradeCardID="-1" degradeCardID="-1" cardLevel="0" />
    <CardInfo name="sideEffectsBundle" triggerTime="OnPlayCard" triggerRange="Self" triggerDelayTimes="0" triggerTimes="1" removeTriggerTime="None" removeTriggerRange="None" removeTriggerTimes="1">
      <SideEffect name="DamageOne" IsNeedChoise="True" M_TargetRange="EnemyMechs" Value="5"></SideEffect>
      <SideEffect name="DamageAll" IsNeedChoise="False" M_TargetRange="EnemyMechs" Value="2"></SideEffect>
    </CardInfo>
  </Card>
  <Card id="62301">
    <CardInfo name="baseInfo" pictureID="629" cardName="天堂之路" cardName_en="Free Way" cardDesc="" isTemp="False" hide="False" metal="0" energy="15" coin="350" effectFactor="1" limitNum="3" cardRareLevel="6" cardType="Spell" />
    <CardInfo name="upgradeInfo" upgradeCardID="-1" degradeCardID="-1" cardLevel="0" />
    <CardInfo name="sideEffectsBundle" triggerTime="OnPlayCard" triggerRange="Self" triggerDelayTimes="0" triggerTimes="1" removeTriggerTime="None" removeTriggerRange="None" removeTriggerTimes="1">
      <SideEffect name="HealOne" IsNeedChoise="False" M_TargetRange="SelfShip" Value="12"></SideEffect>
      <SideEffect name="DamageAll" IsNeedChoise="False" M_TargetRange="EnemyMechs" Value="4"></SideEffect>
    </CardInfo>
  </Card>
  <Card id="62401">
    <CardInfo name="baseInfo" pictureID="632" cardName="攻击" cardName_en="Attack" cardDesc="" isTemp="False" hide="False" metal="0" energy="0" coin="50" effectFactor="1" limitNum="5" cardRareLevel="-1" cardType="Spell" />
    <CardInfo name="upgradeInfo" upgradeCardID="62402" degradeCardID="-1" cardLevel="1" />
    <CardInfo name="sideEffectsBundle" triggerTime="OnPlayCard" triggerRange="Self" triggerDelayTimes="0" triggerTimes="1" removeTriggerTime="None" removeTriggerRange="None" removeTriggerTimes="1">
      <SideEffect name="DamageOne" IsNeedChoise="False" M_TargetRange="EnemyShip" Value="1"></SideEffect>
    </CardInfo>
  </Card>
  <Card id="62402">
    <CardInfo name="baseInfo" pictureID="632" cardName="攻击" cardName_en="Attack" cardDesc="" isTemp="False" hide="False" metal="0" energy="0" coin="75" effectFactor="1" limitNum="0" cardRareLevel="-1" cardType="Spell" />
    <CardInfo name="upgradeInfo" upgradeCardID="62403" degradeCardID="62401" cardLevel="2" />
    <CardInfo name="sideEffectsBundle" triggerTime="OnPlayCard" triggerRange="Self" triggerDelayTimes="0" triggerTimes="1" removeTriggerTime="None" removeTriggerRange="None" removeTriggerTimes="1">
      <SideEffect name="DamageOne" IsNeedChoise="False" M_TargetRange="EnemyShip" Value="2"></SideEffect>
    </CardInfo>
  </Card>
  <Card id="62403">
    <CardInfo name="baseInfo" pictureID="632" cardName="攻击" cardName_en="Attack" cardDesc="" isTemp="False" hide="False" metal="0" energy="0" coin="100" effectFactor="1" limitNum="0" cardRareLevel="2" cardType="Spell" />
    <CardInfo name="upgradeInfo" upgradeCardID="-1" degradeCardID="62402" cardLevel="3" />
    <CardInfo name="sideEffectsBundle" triggerTime="OnPlayCard" triggerRange="Self" triggerDelayTimes="0" triggerTimes="1" removeTriggerTime="None" removeTriggerRange="None" removeTriggerTimes="1">
      <SideEffect name="DamageOne" IsNeedChoise="False" M_TargetRange="EnemyShip" Value="3"></SideEffect>
    </CardInfo>
  </Card>
  <Card id="62500">
    <CardInfo name="baseInfo" pictureID="633" cardName="伤害转换" cardName_en="Damage Trans" cardDesc="" isTemp="False" hide="False" metal="0" energy="0" coin="150" effectFactor="1" limitNum="3" cardRareLevel="0" cardType="Spell" />
    <CardInfo name="upgradeInfo" upgradeCardID="62501" degradeCardID="-1" cardLevel="1" />
    <CardInfo name="sideEffectsBundle" triggerTime="OnPlayCard" triggerRange="Self" triggerDelayTimes="0" triggerTimes="1" removeTriggerTime="None" removeTriggerRange="None" removeTriggerTimes="1">
      <SideEffect name="DamageOne" IsNeedChoise="False" M_TargetRange="EnemyShip" Value="3"></SideEffect>
      <SideEffect name="AddEnergy" IsNeedChoise="False" M_TargetRange="SelfShip" Value="2"></SideEffect>
    </CardInfo>
  </Card>
  <Card id="62501">
    <CardInfo name="baseInfo" pictureID="633" cardName="伤害转换" cardName_en="Damage Trans" cardDesc="" isTemp="False" hide="False" metal="0" energy="0" coin="175" effectFactor="1" limitNum="0" cardRareLevel="3" cardType="Spell" />
    <CardInfo name="upgradeInfo" upgradeCardID="-1" degradeCardID="62500" cardLevel="2" />
    <CardInfo name="sideEffectsBundle" triggerTime="OnPlayCard" triggerRange="Self" triggerDelayTimes="0" triggerTimes="1" removeTriggerTime="None" removeTriggerRange="None" removeTriggerTimes="1">
      <SideEffect name="DamageOne" IsNeedChoise="False" M_TargetRange="EnemyShip" Value="4"></SideEffect>
      <SideEffect name="AddEnergy" IsNeedChoise="False" M_TargetRange="SelfShip" Value="3"></SideEffect>
    </CardInfo>
  </Card>
  <Card id="62502">
    <CardInfo name="baseInfo" pictureID="633" cardName="伤害转换" cardName_en="Damage Trans" cardDesc="" isTemp="False" hide="False" metal="0" energy="0" coin="200" effectFactor="1" limitNum="0" cardRareLevel="6" cardType="Spell" />
    <CardInfo name="upgradeInfo" upgradeCardID="-1" degradeCardID="62500" cardLevel="3" />
    <CardInfo name="sideEffectsBundle" triggerTime="OnPlayCard" triggerRange="Self" triggerDelayTimes="0" triggerTimes="1" removeTriggerTime="None" removeTriggerRange="None" removeTriggerTimes="1">
      <SideEffect name="DamageOne" IsNeedChoise="False" M_TargetRange="EnemyShip" Value="5"></SideEffect>
      <SideEffect name="AddEnergy" IsNeedChoise="False" M_TargetRange="SelfShip" Value="4"></SideEffect>
    </CardInfo>
  </Card>
  <Card id="62600">
    <CardInfo name="baseInfo" pictureID="634" cardName="暴击" cardName_en="Critical Attack" cardDesc="" isTemp="False" hide="False" metal="0" energy="3" coin="150" effectFactor="1" limitNum="3" cardRareLevel="2" cardType="Spell" />
    <CardInfo name="upgradeInfo" upgradeCardID="62601" degradeCardID="-1" cardLevel="1" />
    <CardInfo name="sideEffectsBundle" triggerTime="OnPlayCard" triggerRange="Self" triggerDelayTimes="0" triggerTimes="1" removeTriggerTime="None" removeTriggerRange="None" removeTriggerTimes="1">
      <SideEffect name="DamageOne" IsNeedChoise="False" M_TargetRange="EnemyShip" Value="5"></SideEffect>
    </CardInfo>
  </Card>
  <Card id="62601">
    <CardInfo name="baseInfo" pictureID="634" cardName="暴击" cardName_en="Critical Attack" cardDesc="" isTemp="False" hide="False" metal="0" energy="3" coin="200" effectFactor="1" limitNum="0" cardRareLevel="5" cardType="Spell" />
    <CardInfo name="upgradeInfo" upgradeCardID="62602" degradeCardID="62600" cardLevel="2" />
    <CardInfo name="sideEffectsBundle" triggerTime="OnPlayCard" triggerRange="Self" triggerDelayTimes="0" triggerTimes="1" removeTriggerTime="None" removeTriggerRange="None" removeTriggerTimes="1">
      <SideEffect name="DamageOne" IsNeedChoise="False" M_TargetRange="EnemyShip" Value="7"></SideEffect>
    </CardInfo>
  </Card>
  <Card id="62602">
    <CardInfo name="baseInfo" pictureID="634" cardName="暴击" cardName_en="Critical Attack" cardDesc="" isTemp="False" hide="False" metal="0" energy="3" coin="250" effectFactor="1" limitNum="0" cardRareLevel="7" cardType="Spell" />
    <CardInfo name="upgradeInfo" upgradeCardID="-1" degradeCardID="62601" cardLevel="3" />
    <CardInfo name="sideEffectsBundle" triggerTime="OnPlayCard" triggerRange="Self" triggerDelayTimes="0" triggerTimes="1" removeTriggerTime="None" removeTriggerRange="None" removeTriggerTimes="1">
      <SideEffect name="DamageOne" IsNeedChoise="False" M_TargetRange="EnemyShip" Value="9"></SideEffect>
    </CardInfo>
  </Card>
  <Card id="62701">
    <CardInfo name="baseInfo" pictureID="635" cardName="乘胜追击" cardName_en="Pursuit" cardDesc="" isTemp="False" hide="False" metal="0" energy="4" coin="250" effectFactor="1" limitNum="3" cardRareLevel="2" cardType="Spell" />
    <CardInfo name="upgradeInfo" upgradeCardID="-1" degradeCardID="-1" cardLevel="0" />
    <CardInfo name="sideEffectsBundle" triggerTime="OnPlayCard" triggerRange="Self" triggerDelayTimes="0" triggerTimes="1" removeTriggerTime="None" removeTriggerRange="None" removeTriggerTimes="1">
      <SideEffect name="AddPlayerBuff" BuffName="DamageEnemyShipWhenAttack" RemoveTriggerTimes="1" Value="1" />
    </CardInfo>
  </Card>
  <Card id="62801">
    <CardInfo name="baseInfo" pictureID="636" cardName="逃逸" cardName_en="Run Away" cardDesc="" isTemp="False" hide="False" metal="0" energy="4" coin="350" effectFactor="1" limitNum="3" cardRareLevel="3" cardType="Spell" />
    <CardInfo name="upgradeInfo" upgradeCardID="-1" degradeCardID="-1" cardLevel="0" />
    <CardInfo name="sideEffectsBundle" triggerTime="OnPlayCard" triggerRange="Self" triggerDelayTimes="0" triggerTimes="1" removeTriggerTime="None" removeTriggerRange="None" removeTriggerTimes="1">
      <SideEffect name="RunAway" IsNeedChoise="True" M_TargetRange="SelfMechs"></SideEffect>
    </CardInfo>
  </Card>
  <Card id="62901">
    <CardInfo name="baseInfo" pictureID="637" cardName="末日" cardName_en="Doomsday" cardDesc="" isTemp="False" hide="False" metal="0" energy="6" coin="350" effectFactor="1" limitNum="1" cardRareLevel="3" cardType="Spell" />
    <CardInfo name="upgradeInfo" upgradeCardID="-1" degradeCardID="-1" cardLevel="0" />
    <CardInfo name="sideEffectsBundle" triggerTime="OnPlayCard" triggerRange="Self" triggerDelayTimes="0" triggerTimes="1" removeTriggerTime="None" removeTriggerRange="None" removeTriggerTimes="1">
      <SideEffect name="DamageAll" IsNeedChoise="False" M_TargetRange="AllLife" Value="5"></SideEffect>
    </CardInfo>
  </Card>
  <Card id="63001">
    <CardInfo name="baseInfo" pictureID="638" cardName="点石成金" cardName_en="Realize" cardDesc="" isTemp="False" hide="False" metal="0" energy="3" coin="350" effectFactor="1" limitNum="1" cardRareLevel="1" cardType="Spell" />
    <CardInfo name="upgradeInfo" upgradeCardID="-1" degradeCardID="-1" cardLevel="0" />
    <CardInfo name="sideEffectsBundle" triggerTime="OnPlayCard" triggerRange="Self" triggerDelayTimes="0" triggerTimes="1" removeTriggerTime="None" removeTriggerRange="None" removeTriggerTimes="1">
      <SideEffect name="TriggerOneHandCard" Value="3"></SideEffect>
    </CardInfo>
  </Card>

  <Card id="70101">
    <CardInfo name="baseInfo" pictureID="701" cardName="小型能量块" cardName_en="S Energy Cube" cardDesc="" isTemp="False" hide="False" metal="0" energy="0" coin="200" effectFactor="1" limitNum="5" cardRareLevel="0" cardType="Energy" />
    <CardInfo name="upgradeInfo" upgradeCardID="70102" degradeCardID="-1" cardLevel="1" />
    <CardInfo name="sideEffectsBundle" triggerTime="OnPlayCard" triggerRange="Self" triggerDelayTimes="0" triggerTimes="1" removeTriggerTime="None" removeTriggerRange="None" removeTriggerTimes="1">
      <SideEffect name="AddEnergy" IsNeedChoise="False" M_TargetRange="SelfShip" Value="2"></SideEffect>
    </CardInfo>
  </Card>
  <Card id="70102">
    <CardInfo name="baseInfo" pictureID="701" cardName="中型能量块" cardName_en="M Energy Cube" cardDesc="" isTemp="False" hide="False" metal="0" energy="0" coin="250" effectFactor="1" limitNum="0" cardRareLevel="1" cardType="Energy" />
    <CardInfo name="upgradeInfo" upgradeCardID="70103" degradeCardID="70101" cardLevel="2" />
    <CardInfo name="sideEffectsBundle" triggerTime="OnPlayCard" triggerRange="Self" triggerDelayTimes="0" triggerTimes="1" removeTriggerTime="None" removeTriggerRange="None" removeTriggerTimes="1">
      <SideEffect name="AddEnergy" IsNeedChoise="False" M_TargetRange="SelfShip" Value="4"></SideEffect>
    </CardInfo>
  </Card>
  <Card id="70103">
    <CardInfo name="baseInfo" pictureID="701" cardName="大型能量块" cardName_en="L Energy Cube" cardDesc="" isTemp="False" hide="False" metal="0" energy="0" coin="300" effectFactor="1" limitNum="0" cardRareLevel="2" cardType="Energy" />
    <CardInfo name="upgradeInfo" upgradeCardID="-1" degradeCardID="70102" cardLevel="3" />
    <CardInfo name="sideEffectsBundle" triggerTime="OnPlayCard" triggerRange="Self" triggerDelayTimes="0" triggerTimes="1" removeTriggerTime="None" removeTriggerRange="None" removeTriggerTimes="1">
      <SideEffect name="AddEnergy" IsNeedChoise="False" M_TargetRange="SelfShip" Value="8"></SideEffect>
    </CardInfo>
  </Card>
  <Card id="70201">
    <CardInfo name="baseInfo" pictureID="702" cardName="能量环" cardName_en="Energy Ring" cardDesc="" isTemp="False" hide="False" metal="1" energy="0" coin="700" effectFactor="1" limitNum="3" cardRareLevel="4" cardType="Energy" />
    <CardInfo name="upgradeInfo" upgradeCardID="-1" degradeCardID="-1" cardLevel="0" />
    <CardInfo name="sideEffectsBundle" triggerTime="OnPlayCard" triggerRange="Self" triggerDelayTimes="0" triggerTimes="1" removeTriggerTime="None" removeTriggerRange="None" removeTriggerTimes="1">
      <SideEffect name="AddEnergy" IsNeedChoise="False" M_TargetRange="SelfShip" Value="10"></SideEffect>
    </CardInfo>
  </Card>
  <Card id="70301">
    <CardInfo name="baseInfo" pictureID="703" cardName="能量球" cardName_en="Energy Ball" cardDesc="" isTemp="False" hide="False" metal="1" energy="0" coin="250" effectFactor="1" limitNum="3" cardRareLevel="0" cardType="Energy" />
    <CardInfo name="upgradeInfo" upgradeCardID="70302" degradeCardID="-1" cardLevel="1" />
    <CardInfo name="sideEffectsBundle" triggerTime="OnPlayCard" triggerRange="Self" triggerDelayTimes="0" triggerTimes="1" removeTriggerTime="None" removeTriggerRange="None" removeTriggerTimes="1">
      <SideEffect name="AddEnergy" IsNeedChoise="False" M_TargetRange="SelfShip" Value="3"></SideEffect>
      <SideEffect name="DrawCards" Value="1"></SideEffect>
    </CardInfo>
  </Card>
  <Card id="70302">
    <CardInfo name="baseInfo" pictureID="704" cardName="极限能量球" cardName_en="X Energy Ball" cardDesc="" isTemp="False" hide="False" metal="2" energy="0" coin="300" effectFactor="1" limitNum="0" cardRareLevel="4" cardType="Energy" />
    <CardInfo name="upgradeInfo" upgradeCardID="-1" degradeCardID="70301" cardLevel="2" />
    <CardInfo name="sideEffectsBundle" triggerTime="OnPlayCard" triggerRange="Self" triggerDelayTimes="0" triggerTimes="1" removeTriggerTime="None" removeTriggerRange="None" removeTriggerTimes="1">
      <SideEffect name="AddEnergy" IsNeedChoise="False" M_TargetRange="SelfShip" Value="5"></SideEffect>
      <SideEffect name="DrawTypeCards" Value="1" DrawCardType="Energy"></SideEffect>
      <SideEffect name="DrawTypeCards" Value="1" DrawCardType="Spell"></SideEffect>
    </CardInfo>
  </Card>
  <Card id="70501">
    <CardInfo name="baseInfo" pictureID="705" cardName="AI升级" cardName_en="AI Upgrade" cardDesc="" isTemp="False" hide="False" metal="2" energy="0" coin="300" effectFactor="1" limitNum="3" cardRareLevel="2" cardType="Energy" />
    <CardInfo name="upgradeInfo" upgradeCardID="-1" degradeCardID="-1" cardLevel="0" />
    <CardInfo name="sideEffectsBundle" triggerTime="OnPlayCard" triggerRange="Self" triggerDelayTimes="0" triggerTimes="1" removeTriggerTime="None" removeTriggerRange="None" removeTriggerTimes="1">
      <SideEffect name="AddEnergy" IsNeedChoise="False" M_TargetRange="SelfShip" Value="3"></SideEffect>
      <SideEffect name="GetHandCardCopy"></SideEffect>
    </CardInfo>
  </Card>
  <Card id="70601">
    <CardInfo name="baseInfo" pictureID="706" cardName="蚊子无人机" cardName_en="Mosquito Drone" cardDesc="" isTemp="False" hide="False" metal="0" energy="0" coin="300" effectFactor="1" limitNum="3" cardRareLevel="0" cardType="Energy" />
    <CardInfo name="upgradeInfo" upgradeCardID="-1" degradeCardID="-1" cardLevel="0" />
    <CardInfo name="sideEffectsBundle" triggerTime="OnPlayCard" triggerRange="Self" triggerDelayTimes="0" triggerTimes="1" removeTriggerTime="None" removeTriggerRange="None" removeTriggerTimes="1">
      <SideEffect name="AddEnergyPerMechs" IsNeedChoise="False" M_TargetRange="EnemyMechs" Value="1"></SideEffect>
    </CardInfo>
  </Card>
  <Card id="70701">
    <CardInfo name="baseInfo" pictureID="707" cardName="机甲回收" cardName_en="Mech Recycle" cardDesc="" isTemp="False" hide="False" metal="0" energy="0" coin="400" effectFactor="1" limitNum="3" cardRareLevel="1" cardType="Energy" />
    <CardInfo name="upgradeInfo" upgradeCardID="-1" degradeCardID="-1" cardLevel="0" />
    <CardInfo name="sideEffectsBundle" triggerTime="OnPlayCard" triggerRange="Self" triggerDelayTimes="0" triggerTimes="1" removeTriggerTime="None" removeTriggerRange="None" removeTriggerTimes="1">
      <SideEffect name="KillOne" IsNeedChoise="True" M_TargetRange="SelfMechs"></SideEffect>
      <SideEffect name="AddEnergy" IsNeedChoise="False" M_TargetRange="SelfShip" Value="5"></SideEffect>
    </CardInfo>
  </Card>
  <Card id="70801">
    <CardInfo name="baseInfo" pictureID="708" cardName="蓝色风暴" cardName_en="Blue Storm" cardDesc="" isTemp="False" hide="False" metal="0" energy="0" coin="600" effectFactor="1" limitNum="1" cardRareLevel="4" cardType="Energy" />
    <CardInfo name="upgradeInfo" upgradeCardID="-1" degradeCardID="-1" cardLevel="0" />
    <CardInfo name="sideEffectsBundle" triggerTime="OnPlayCard" triggerRange="Self" triggerDelayTimes="0" triggerTimes="1" removeTriggerTime="None" removeTriggerRange="None" removeTriggerTimes="1">
      <SideEffect name="Exile"></SideEffect>
      <SideEffect name="DoubleEnergy"></SideEffect>
    </CardInfo>
  </Card>
  <Card id="70901">
    <CardInfo name="baseInfo" pictureID="709" cardName="虚空之路" cardName_en="Virtual Road" cardDesc="" isTemp="False" hide="False" metal="0" energy="10" coin="600" effectFactor="1" limitNum="3" cardRareLevel="5" cardType="Energy" />
    <CardInfo name="upgradeInfo" upgradeCardID="-1" degradeCardID="-1" cardLevel="0" />
    <CardInfo name="sideEffectsBundle" triggerTime="OnPlayCard" triggerRange="Self" triggerDelayTimes="0" triggerTimes="1" removeTriggerTime="None" removeTriggerRange="None" removeTriggerTimes="1">
      <SideEffect name="Exile"></SideEffect>
      <SideEffect name="AddPlayerBuff" BuffName="AddEnergyWhenUseMetal" Value="2" />
    </CardInfo>
  </Card>
  <Card id="71001">
    <CardInfo name="baseInfo" pictureID="710" cardName="能量种子" cardName_en="Energy Seed" cardDesc="" isTemp="False" hide="False" metal="0" energy="0" coin="200" effectFactor="1" limitNum="1" cardRareLevel="2" cardType="Energy" />
    <CardInfo name="upgradeInfo" upgradeCardID="71002" degradeCardID="-1" cardLevel="1" />
    <CardInfo name="sideEffectsBundle" triggerTime="OnPlayCard" triggerRange="Self" triggerDelayTimes="0" triggerTimes="1" removeTriggerTime="None" removeTriggerRange="None" removeTriggerTimes="1">
      <SideEffect name="AddPlayerBuff" BuffName="AddEnergyWhenRoundBegin" Value="3" RemoveTriggerTimes="3" />
    </CardInfo>
  </Card>
  <Card id="71002">
    <CardInfo name="baseInfo" pictureID="711" cardName="能量种子X" cardName_en="Energy Seed X" cardDesc="" isTemp="False" hide="False" metal="0" energy="0" coin="250" effectFactor="1" limitNum="0" cardRareLevel="3" cardType="Energy" />
    <CardInfo name="upgradeInfo" upgradeCardID="-1" degradeCardID="71001" cardLevel="2" />
    <CardInfo name="sideEffectsBundle" triggerTime="OnPlayCard" triggerRange="Self" triggerDelayTimes="0" triggerTimes="1" removeTriggerTime="None" removeTriggerRange="None" removeTriggerTimes="1">
      <SideEffect name="AddPlayerBuff" BuffName="AddEnergyWhenRoundBegin" Value="5" RemoveTriggerTimes="3" />
    </CardInfo>
  </Card>
  <Card id="71101">
    <CardInfo name="baseInfo" pictureID="712" cardName="能量异变" cardName_en="Energy Variation" cardDesc="" isTemp="False" hide="False" metal="0" energy="0" coin="250" effectFactor="1" limitNum="3" cardRareLevel="2" cardType="Energy" />
    <CardInfo name="upgradeInfo" upgradeCardID="-1" degradeCardID="-1" cardLevel="0" />
    <CardInfo name="sideEffectsBundle" triggerTime="OnPlayCard" triggerRange="Self" triggerDelayTimes="0" triggerTimes="1" removeTriggerTime="None" removeTriggerRange="None" removeTriggerTimes="1">
      <SideEffect name="AddPlayerBuff" BuffName="DamageEnemyShipWhenUseCards" Value="1" />
    </CardInfo>
  </Card>
</AllCards>